,MC9_1,MC9_2,MC9_3,MLM_1,MLM_2,MLM_3,M1245_1,M1245_2,M1245_3,M242_1,M242_2,M242_3
ENSMUSG00000000001,1998368,1946736,1953970,222544,214341,232846,624850,636267,620902,660644,668930,668084
ENSMUSG00000000002,357466,342520,362653,8687,7695,8561,49652,47511,50469,52565,46061,49702
ENSMUSG00000000003,9127096,9279780,9046577,147932,155818,158530,1155019,1208148,1207135,1152751,1169578,1187957
ENSMUSG00000000004,241725449,239689697,240678842,6532580,6386563,6421822,38978667,38655291,39795350,39143150,39821266,40545490
ENSMUSG00000000005,110261,114112,117802,10081,10543,10473,38902,34834,36269,31425,36946,33334
ENSMUSG00000000006,110082,109375,103546,9931,13085,10645,33232,31907,35450,30869,38804,35648
ENSMUSG00000000007,158409705,159823394,158940298,14826455,15040059,15250281,48799689,49070023,49694553,49239100,49533994,49568465
ENSMUSG00000000008,17096533,16930901,16802557,204554,208027,215772,1901217,1990182,1893828,1922162,1843482,1902878
ENSMUSG00000000009,59913,60952,57410,2979,3471,2703,14945,12358,15449,15140,13364,15600
ENSMUSG00000000010,1729646,1745151,1853634,347184,356556,345963,780322,784065,751386,726618,787146,801263
ENSMUSG00000000011,103444,95650,96176,2018,2732,2396,12926,14390,14773,15769,13292,12888
ENSMUSG00000000012,55677,67038,68172,3912,2704,3102,12332,13542,12592,16391,16240,15724
ENSMUSG00000000013,916615,881705,893167,59807,63732,59179,237208,231814,228949,233475,237342,234325
ENSMUSG00000000014,441,276,311,2,7,13,59,38,17,47,40,32
ENSMUSG00000000015,406,282,395,22,13,28,89,114,141,170,86,128
ENSMUSG00000000016,45577,50082,45025,1376,1885,1809,8902,9853,10487,8188,9464,10100
ENSMUSG00000000017,6351,6486,7109,434,370,514,1331,1338,1510,1503,1794,1637
ENSMUSG00000000018,2262434,2224903,2155848,44197,51218,43866,309421,285646,326709,304417,300597,314985
ENSMUSG00000000019,8583,8820,9568,513,321,417,2373,2507,2601,2438,2322,2202
ENSMUSG00000000020,1469,1524,1239,115,40,97,248,246,388,226,304,190
ENSMUSG00000000021,135132392,137450052,136913931,7259567,7454411,7520596,31172171,31047097,30206770,31127407,31051469,31209557
ENSMUSG00000000022,186825,192438,190380,6998,6980,5108,36865,39958,35669,38626,38381,38776
ENSMUSG00000000023,1034958,1020451,1041817,14161,12478,13075,104779,116877,106256,111475,114783,104000
ENSMUSG00000000024,843,1018,978,130,56,95,259,305,292,263,249,343
ENSMUSG00000000025,69892,71130,65121,1386,1398,1458,11171,9835,9160,11361,9504,9827
ENSMUSG00000000026,390343,353606,426839,49542,51796,46095,143117,142959,151517,137637,136533,134069
ENSMUSG00000000027,2830,3150,2886,296,202,325,541,1193,652,985,916,860
ENSMUSG00000000028,2509883,2419862,2534131,58477,63393,61792,403233,401066,420812,379715,404005,396293
ENSMUSG00000000029,52627,51184,51726,1152,733,1212,6376,8290,7373,7187,6687,7418
ENSMUSG00000000030,216533,186568,208222,3837,3740,3340,29517,27616,25113,25103,22934,27318
ENSMUSG00000000031,61331,59338,51864,1263,1290,1241,7613,8130,7533,9396,7882,7440
ENSMUSG00000000032,1010298112,1008981515,1020578168,21071551,20725812,21218125,146594456,146941378,148287366,148073003,146423061,147062383
ENSMUSG00000000033,752649,716016,722211,10590,8371,10497,80064,80927,81581,85838,86709,78024
ENSMUSG00000000034,6113,7485,7930,144,189,135,1351,1162,1438,1049,1286,984
ENSMUSG00000000035,19621822,19749097,19715991,328891,316030,275002,2443169,2439666,2341074,2308448,2302799,2351260
ENSMUSG00000000036,4450,3618,4222,90,42,110,546,809,423,675,679,609
ENSMUSG00000000037,1076108,1102873,1072203,35207,40225,35371,211631,212600,200854,200292,206071,213630
ENSMUSG00000000038,121,89,196,6,12,2,18,61,50,30,46,17
ENSMUSG00000000039,1923,2276,1935,151,80,154,445,533,656,439,497,359
ENSMUSG00000000040,1441611,1620578,1409584,28189,26358,25006,206217,194485,188665,192841,179550,190316
ENSMUSG00000000041,6983641,7071404,7039393,398657,417857,395684,1699293,1675227,1722075,1615534,1765043,1700827
ENSMUSG00000000042,507824,479650,485512,63072,63293,61227,177617,168698,173521,180404,170862,173599
ENSMUSG00000000043,419225,422469,450909,7119,7173,10107,53675,57307,53762,57627,56036,61188
ENSMUSG00000000044,146831,165839,163268,5086,4153,3945,26352,27742,28568,26793,23416,23571
ENSMUSG00000000045,711,616,508,72,128,51,226,227,347,255,248,234
ENSMUSG00000000046,14791,17828,18492,1340,1373,1155,5165,6256,6042,5415,4821,4625
ENSMUSG00000000047,48994,47203,50852,3795,4830,4064,12472,16440,14479,13914,13898,15340
ENSMUSG00000000048,14240534,13734776,13911516,2651156,2627620,2607182,5994857,6066702,6054962,6033470,6072490,6099340
ENSMUSG00000000049,1935145,1829665,1905078,66923,68653,63882,335651,328516,344337,341485,333263,362232
ENSMUSG00000000050,525,574,449,14,5,9,56,82,68,103,42,167
ENSMUSG00000000051,2715270,2739597,2541814,39847,43671,43549,341852,348945,314828,328360,325036,320411
ENSMUSG00000000052,80503,81469,88748,4587,4566,3929,21845,18975,18794,19714,19203,17234
ENSMUSG00000000053,36035,35253,36705,1382,869,878,4456,4998,5067,6022,7069,5326
ENSMUSG00000000054,8809540,8625453,8897379,115116,125915,115604,1023920,1024376,1101943,1011707,1042145,944927
ENSMUSG00000000055,20200997,19940838,20171492,1427220,1544503,1500838,5340758,5549580,5314046,5503996,5430599,5478586
ENSMUSG00000000056,19288033,19339176,18854047,688729,723997,696000,3782810,3801890,3814597,3739187,3731558,3849306
ENSMUSG00000000057,28550,27018,26610,439,316,241,2634,2959,3508,2425,3560,2876
ENSMUSG00000000058,141923,149823,137484,4277,3404,5167,26169,27659,23999,24434,25784,23276
ENSMUSG00000000059,2802899,2877542,2788447,41097,41929,42050,348625,323760,341581,357451,326671,314602
ENSMUSG00000000060,35462092,35791001,35255588,522012,552465,527072,4366942,4328237,4468308,4457076,4287712,4477946
ENSMUSG00000000061,57212,55062,57246,3207,3152,3294,14139,12117,9986,14001,11321,15335
ENSMUSG00000000062,210158,194233,197671,8820,8003,9273,36188,42575,45983,41161,42881,42402
ENSMUSG00000000063,5878,6509,7102,122,105,138,941,1074,887,1108,1431,1034
ENSMUSG00000000064,2208,2166,2952,234,170,199,715,806,899,792,884,772
ENSMUSG00000000065,12998148,13522852,13142579,409541,387977,392492,2351247,2301220,2370906,2252154,2335256,2242561
ENSMUSG00000000066,83049188,83666889,84143024,4980259,5077582,4873218,20474607,19917245,20061953,19691106,19818556,20220004
ENSMUSG00000000067,179472,166212,171374,25689,23182,27162,69494,65624,65073,63571,66602,67127
ENSMUSG00000000068,25963405,25121407,25260112,921467,875117,926278,4639658,4852317,4814761,4943296,4866560,4909567
ENSMUSG00000000069,1596507,1572320,1659292,89117,94467,101649,398899,352210,369994,398641,388428,394208
ENSMUSG00000000070,15664,13586,18095,2645,2317,3268,6553,6790,6641,7068,7616,6077
ENSMUSG00000000071,1381207,1431167,1505232,104936,99957,98928,374765,392956,365276,377077,350047,377862
ENSMUSG00000000072,294082133,297190624,301660474,5811672,5797882,5898979,41944595,41884229,42309627,40922540,41229821,41235438
ENSMUSG00000000073,267188,272417,270443,21607,19689,20834,77690,85863,73027,68294,73254,73629
ENSMUSG00000000074,407230324,404767275,403917718,5240449,5416925,5301520,46347364,46124722,46388487,46633948,45975234,46533556
ENSMUSG00000000075,2,9,1,1,0,4,1,6,4,6,2,11
ENSMUSG00000000076,6780605,6697192,6696566,800921,852824,882866,2357770,2342860,2323726,2437957,2461267,2459740
ENSMUSG00000000077,534415,543993,530440,25923,28150,27785,114396,111361,123148,129496,112718,120387
ENSMUSG00000000078,85372,81500,88676,9741,8733,7812,27971,28814,27274,26475,28464,27058
ENSMUSG00000000079,766393,769427,755963,18924,22545,21316,126509,121728,124909,135701,127859,124060
ENSMUSG00000000080,124,232,138,1,4,3,11,52,53,27,27,28
ENSMUSG00000000081,110364,111829,123814,11297,12294,12058,41591,32904,34782,40144,33933,43059
ENSMUSG00000000082,2069162,2065853,2067476,54020,68566,65743,346507,367340,366043,356072,381300,367794
ENSMUSG00000000083,89725575,91580025,89791970,11685453,11714254,11529485,32987765,32591261,32639450,33364035,33031912,33064842
ENSMUSG00000000084,38944,36233,35760,3875,4472,3826,10231,11167,11123,10127,10753,10744
ENSMUSG00000000085,26605,22905,24853,381,483,558,4042,3478,3365,4147,2664,3285
ENSMUSG00000000086,95800,99853,112226,1235,1744,1174,11848,12105,12522,12586,10852,12035
ENSMUSG00000000087,16524604,16657552,16752274,730473,707231,721235,3415595,3468315,3525732,3326699,3399905,3428751
ENSMUSG00000000088,1012827,981453,966739,102705,113972,114005,324202,315625,341718,333219,354463,335404
ENSMUSG00000000089,49638,48138,50408,2041,1699,2661,11867,10289,11659,10796,10371,11520
ENSMUSG00000000090,4818130,4707932,4803658,102354,98186,111792,676984,690284,681465,681645,675149,690155
ENSMUSG00000000091,713989,697799,656145,26517,24925,26412,125462,131579,126577,118668,128687,135910
ENSMUSG00000000092,18677892,18377447,18435485,969479,977089,1006864,4369595,4501133,4148547,4446138,4209009,4286370
ENSMUSG00000000093,35460,37471,37011,782,729,623,5802,5830,5445,6190,5710,5063
ENSMUSG00000000094,54706,53834,51764,10363,10394,10359,24445,21494,23880,24206,26301,20412
ENSMUSG00000000095,88733,97487,91419,3769,4228,3643,17165,19471,20786,18821,19165,17159
ENSMUSG00000000096,1407,1387,1415,54,33,30,279,269,175,320,144,185
ENSMUSG00000000097,1632448,1650511,1579116,46931,55844,49462,303246,280209,289086,307901,292786,278261
ENSMUSG00000000098,1356556,1367286,1359592,43969,42790,47432,231095,253281,246010,263886,252282,241910
ENSMUSG00000000099,578232,600155,610237,12675,12703,13771,89018,84837,88839,84522,96921,83563
ENSMUSG00000000100,80922,92403,82931,14841,12397,13970,35077,31762,32610,30262,36477,32998
ENSMUSG00000000101,279,193,468,402,329,257,1177,907,1081,81,134,133
ENSMUSG00000000102,15875,17737,13609,18781,15772,18023,42993,43109,45095,6603,6680,5737
ENSMUSG00000000103,23170,25432,23699,19628,24712,23674,83204,77111,80118,6407,6122,6572
ENSMUSG00000000104,3003,3548,3299,2367,3247,3700,8789,9424,9159,1525,1541,1878
ENSMUSG00000000105,43502,42659,48620,47537,47363,46265,112892,118357,126500,16940,18636,16357
ENSMUSG00000000106,447054,421471,418034,470573,450760,470507,2244797,2307710,2231204,85885,84256,82280
ENSMUSG00000000107,171512990,167219185,165371404,168419937,167684465,168577997,570048941,564133098,562926837,49059750,49830063,49507626
ENSMUSG00000000108,164033,181082,178278,167728,174065,185946,722774,677193,725875,40454,45760,51153
ENSMUSG00000000109,269730,245947,253092,256434,234927,252617,953010,926524,930889,63948,65844,67736
ENSMUSG00000000110,67337,61079,62330,63513,57026,63621,189762,188529,188671,22742,20847,22973
ENSMUSG00000000111,47,16,69,70,94,31,46,126,79,6,15,14
ENSMUSG00000000112,83314,76836,86568,88236,86126,79743,255515,246893,257705,25235,32170,26956
ENSMUSG00000000113,117492,100269,114339,116013,122414,109707,626504,658918,621879,18544,21611,18166
ENSMUSG00000000114,1696316105,1692215116,1688644969,1687206850,1683631638,1685399782,6863829407,6867141642,6880616978,418458116,420283415,414781415
ENSMUSG00000000115,41232,43376,43940,40070,46393,38461,268209,253100,253816,6846,6638,5992
ENSMUSG00000000116,304854,282588,281702,301517,277213,290436,1721302,1693329,1730908,57476,42116,54864
ENSMUSG00000000117,77301,75725,73574,73460,76528,73495,433198,429389,438839,13154,15332,14000
ENSMUSG00000000118,961,898,806,539,589,1032,5690,4759,4138,175,138,67
ENSMUSG00000000119,8724131,8493268,8487070,8593345,8797165,8740893,25233249,25620340,26401668,2923062,2830410,2879831
ENSMUSG00000000120,1898407,1815148,1917339,1762762,1747716,1820047,7818817,8052885,8171458,402465,393625,395980
ENSMUSG00000000121,1995942,2158836,2036175,2136255,2171163,2103804,12635650,12368456,12484025,351607,356401,355467
ENSMUSG00000000122,3220,2584,1818,2978,1744,2665,9639,9425,8874,448,816,595
ENSMUSG00000000123,23988134,24573197,24174029,24476416,24448157,24266895,77429019,76829578,76576116,7746820,7572427,7289136
ENSMUSG00000000124,322,455,289,272,291,205,1940,1613,1635,47,68,56
ENSMUSG00000000125,922484,888135,899165,940036,943143,888411,3919319,3855407,3707434,240649,244371,227724
ENSMUSG00000000126,570730743,561062062,565806200,568189628,569231119,569442803,3184686139,3172726179,3206847273,100317050,99988027,100620476
ENSMUSG00000000127,1594,2051,1731,2083,2311,1530,7321,7752,6857,398,325,329
ENSMUSG00000000128,9646,9030,10108,10100,9309,9793,26424,24066,28822,2504,2752,2791
ENSMUSG00000000129,124456,144724,140416,133866,123474,142944,317560,273272,311046,55061,60594,60218
ENSMUSG00000000130,10439,12142,12611,12089,11718,12731,45861,44859,43320,2907,2675,3680
ENSMUSG00000000131,135,291,219,190,102,118,417,429,494,78,72,114
ENSMUSG00000000132,115923,109877,116078,114124,107207,121058,615773,635865,614684,19754,19740,19896
ENSMUSG00000000133,885,988,1374,1066,1308,1069,4011,2877,4954,513,333,326
ENSMUSG00000000134,612639,564723,548613,590070,576968,565342,3134486,3156187,3140652,106453,106966,106412
ENSMUSG00000000135,2602,2235,1951,1991,2592,1768,10986,9697,9875,500,418,354
ENSMUSG00000000136,43421281,43638596,43223484,42914593,43786074,43462914,189214718,189044063,188532858,10502326,10198949,10191735
ENSMUSG00000000137,3664,3592,4234,4368,4264,3763,10696,10169,11707,1463,1469,1179
ENSMUSG00000000138,26290,27631,26374,24152,21331,25746,66443,71374,70067,10104,7144,9348
ENSMUSG00000000139,2334141,2290664,2311635,2191957,2215720,2370715,9666625,9677460,9368175,542167,567557,537348
ENSMUSG00000000140,593,451,574,624,692,708,1597,2220,1558,157,169,400
ENSMUSG00000000141,219286,226169,224090,216986,218279,200793,564558,552437,520525,88409,81219,85444
ENSMUSG00000000142,17100401,17108963,17009632,16853795,16653595,16653474,60278290,60170107,61238210,4651643,4590806,4585826
ENSMUSG00000000143,241,117,160,144,189,151,435,710,727,45,33,24
ENSMUSG00000000144,184869,175366,179177,181682,174753,176528,983554,1008111,982551,35818,39274,35961
ENSMUSG00000000145,241823,237422,266841,261339,263617,244783,866806,863700,878409,75373,71973,74571
ENSMUSG00000000146,2209131,2054374,2072716,1969477,2063023,1908768,6358599,6640832,6344670,624486,662511,653263
ENSMUSG00000000147,627,709,762,576,530,701,2370,2532,2400,141,166,237
ENSMUSG00000000148,382,516,437,256,502,474,2220,2527,2892,119,76,100
ENSMUSG00000000149,741721,705816,704754,665520,737220,750799,4275144,4425825,4158828,119784,122864,109773
ENSMUSG00000000150,292349,309936,275794,282609,273766,290114,1017457,1027336,982424,91771,81238,86142
ENSMUSG00000000151,258698,229969,233292,234164,223509,245035,667165,660398,599361,91028,96594,88694
ENSMUSG00000000152,358794,380535,325491,344738,333068,354917,1044047,1076634,1058174,129474,111685,124888
ENSMUSG00000000153,6887,5723,5586,5971,5738,6889,17144,15305,19120,2470,2425,1934
ENSMUSG00000000154,232982,242507,224515,210692,233130,215434,719939,649215,670302,73077,75902,77297
ENSMUSG00000000155,275726,278790,308677,264350,278787,276181,1198634,1207487,1161765,73694,69224,68985
ENSMUSG00000000156,5086,4470,5131,4364,4322,5671,19117,24011,21857,954,1376,1096
ENSMUSG00000000157,155040011,155516517,153200556,153437335,152980948,154165725,841195765,839429333,839059973,28511308,28255684,28706125
ENSMUSG00000000158,607584,583785,623695,598222,605817,539070,2760537,2724605,2789531,134686,123515,126395
ENSMUSG00000000159,896,674,746,775,622,639,2108,1888,2429,224,294,243
ENSMUSG00000000160,1254360,1251737,1177060,1211967,1255623,1220430,5547196,5414637,5649181,285875,271299,273401
ENSMUSG00000000161,2025,1987,1628,1600,1793,1851,10724,10223,10531,411,198,296
ENSMUSG00000000162,2106357,2059310,2134636,2136859,1956170,2021983,12373299,12455206,12825855,324439,330324,333833
ENSMUSG00000000163,9101209,9248062,8893363,9135540,9041636,9028817,27667339,27347906,27634698,2961698,2910627,3259121
ENSMUSG00000000164,3048,3280,3868,3215,3299,3362,16079,18915,20438,719,455,596
ENSMUSG00000000165,4092611,4225794,4143428,4212677,4242782,4229199,18190964,18931701,18613520,982764,952797,1000088
ENSMUSG00000000166,444431,431027,469783,450491,481875,475539,2841209,2747502,2732010,65998,85180,72237
ENSMUSG00000000167,2370496,2445982,2427960,2428511,2326778,2550391,11142346,11210120,11274262,498021,520680,507713
ENSMUSG00000000168,175272972,175710494,175864819,174556350,174083633,175637616,641781594,634766284,634763230,47132567,48544641,47193151
ENSMUSG00000000169,32268,30378,35974,33920,34173,36162,162112,167219,166356,6771,6354,5965
ENSMUSG00000000170,4954,3855,3657,4097,4549,3656,17802,15003,14755,1104,1229,1027
ENSMUSG00000000171,3463,2056,3313,2769,2433,2335,13228,9819,11482,526,491,751
ENSMUSG00000000172,3927,2988,4007,3187,3757,3387,11947,12205,12425,666,1076,952
ENSMUSG00000000173,56267,65426,66762,69839,56497,67386,173422,140985,172973,27477,25893,29035
ENSMUSG00000000174,367541,353443,332356,355932,361112,333160,1483506,1340932,1412319,84811,82444,89387
ENSMUSG00000000175,271359,245420,257052,275652,269501,270787,1446770,1459941,1473762,51501,43628,51355
ENSMUSG00000000176,2445950,2438146,2436653,2439819,2507907,2423654,9874443,9947296,9682764,629870,607965,581414
ENSMUSG00000000177,94502,95234,94987,92182,94462,92426,237790,244492,216338,36057,35007,40378
ENSMUSG00000000178,30531807,29056798,29559431,29286164,29371815,29298885,136086010,139108578,138066744,6452015,6609620,6424377
ENSMUSG00000000179,32018,32640,30422,30677,32659,27485,75777,82003,74125,13129,11701,12794
ENSMUSG00000000180,4719075704,4736330332,4706006379,4726604313,4705182142,4708330641,24142516973,24137052283,24272514986,919184085,922243120,924213040
ENSMUSG00000000181,1071215,1058821,1077140,1094867,1141313,1098157,2755488,2832499,2871084,415518,439865,448270
ENSMUSG00000000182,2552,3055,2690,2385,2712,3207,15954,15934,14829,696,633,486
ENSMUSG00000000183,1573,1424,1096,1342,1181,1428,5942,5683,6349,319,233,221
ENSMUSG00000000184,596235,634188,604890,610563,609370,591221,3595574,3402871,3639992,104024,113249,95073
ENSMUSG00000000185,36086,36668,38062,35641,33117,33280,136040,139913,154745,9937,10255,9018
ENSMUSG00000000186,1425424,1501807,1582236,1572713,1534602,1593645,8099672,8242792,8311211,277049,300538,307167
ENSMUSG00000000187,564101,568012,614278,581361,587052,581059,3259213,3429335,3325919,92170,111293,110582
ENSMUSG00000000188,65077,63001,68468,67096,70548,58531,201073,197539,200862,21087,20903,21356
ENSMUSG00000000189,2887,2669,2657,3671,4235,2814,10884,12751,10800,933,713,694
ENSMUSG00000000190,330,213,170,188,320,234,1317,1190,906,43,31,25
ENSMUSG00000000191,16755,14308,17030,14601,14655,14561,70229,71508,67619,3288,3115,3718
ENSMUSG00000000192,2711742,2697814,2588264,2728207,2847481,2685499,13509706,13524582,13435894,545964,564606,542390
ENSMUSG00000000193,196763,200959,212711,209950,189657,228787,1221433,1114808,1130662,37439,36395,39393
ENSMUSG00000000194,582,683,510,615,741,635,2538,1864,2575,196,147,107
ENSMUSG00000000195,178002,192400,176245,183754,179650,165204,898924,892160,871414,35900,36829,33371
ENSMUSG00000000196,414552,401644,412135,419905,434117,402678,1287080,1298582,1332016,144913,128410,124466
ENSMUSG00000000197,3070,2970,1884,3061,2102,2809,16132,12903,14766,553,664,420
ENSMUSG00000000198,147745,162345,161211,170807,163092,162462,811735,881782,860450,30549,29239,34333
ENSMUSG00000000199,109898,103228,100876,102962,110723,107763,709819,694839,669323,19097,18577,16646
ENSMUSG00000000200,859,931,728,736,980,714,3870,4143,4184,181,198,209
ENSMUSG00000000201,371896,414612,385013,354527,373882,352553,366784,377068,373384,371500,349659,382452
ENSMUSG00000000202,810294,821553,837642,831739,820496,861884,816400,864801,805584,865053,826649,849246
ENSMUSG00000000203,6840052,6838621,6812685,6827526,6706204,6871628,6758542,6796429,6689071,6694652,6631912,6875541
ENSMUSG00000000204,6044058,5910522,6151789,6210382,6113334,5873984,6009313,6021815,6033592,6049686,5857632,6209033
ENSMUSG00000000205,230,388,314,408,523,403,365,426,408,293,275,309
ENSMUSG00000000206,1594,1996,2611,2435,2104,1855,2322,1876,2250,1839,1847,2146
ENSMUSG00000000207,679399,707089,707562,674062,700532,682420,702623,726313,661393,692711,687847,690866
ENSMUSG00000000208,697054,682360,664993,740753,725884,672415,695144,694791,692288,703650,743807,689105
ENSMUSG00000000209,691366,647617,699898,693075,713454,699873,686202,670322,713790,685744,661611,698545
ENSMUSG00000000210,437806431116,439335322400,437762951284,438740550817,439196363851,437551594258,437571425762,438102883069,437433195016,438155746629,438902961861,439131178756
ENSMUSG00000000211,801800,870611,868286,891772,876026,908101,842729,842906,868665,849237,859930,831172
ENSMUSG00000000212,8290990,8367004,8314134,8439487,8304666,8207866,8386500,8146774,7986336,8515632,8257202,8258451
ENSMUSG00000000213,4074941,4218104,4010453,4142756,3986337,4042611,3954820,3980414,3950688,4189494,4123919,4077239
ENSMUSG00000000214,1156388,1185744,1150564,1196412,1182544,1181083,1224007,1204788,1268256,1222917,1172483,1150339
ENSMUSG00000000215,23458,26692,25382,22595,25666,22747,26847,26387,25034,22431,28593,29317
ENSMUSG00000000216,1850993,1917862,1827257,1826101,1842093,1895341,1913292,1840392,1902325,1897259,1752598,1813771
ENSMUSG00000000217,4353,3805,3861,4081,3716,4904,3264,3698,4042,3600,3059,3986
ENSMUSG00000000218,37103,34237,34279,32675,34011,37061,34223,33725,37070,34533,31764,32313
ENSMUSG00000000219,13280,13229,13875,12769,10886,10277,11169,11866,11243,14669,11918,12523
ENSMUSG00000000220,128113,125601,122002,125723,110986,116814,131628,124638,120170,116413,115312,120692
ENSMUSG00000000221,928935082,942122069,932627097,933845540,942044248,930175884,927238556,935067459,931838112,946472024,931886629,933795259
ENSMUSG00000000222,53,50,39,18,46,43,87,57,38,47,51,48
ENSMUSG00000000223,1353617,1426543,1354032,1351972,1377157,1326408,1369548,1412228,1383336,1361413,1434888,1434501
ENSMUSG00000000224,251,127,112,200,162,81,112,145,155,180,141,81
ENSMUSG00000000225,12477,12512,13572,12102,13707,11792,12728,14171,12897,13909,14707,14474
ENSMUSG00000000226,6679048,7031065,6809129,6923847,6959576,6951255,7024435,6792802,6993419,6969167,6885727,6790501
ENSMUSG00000000227,109693,109348,114331,105089,113496,122482,117336,110332,112445,111445,108594,107851
ENSMUSG00000000228,1523,1075,1464,914,1197,1345,1209,1289,1275,1405,1227,973
ENSMUSG00000000229,4979,4431,5127,5276,4716,4887,4819,5211,4294,5050,4870,4927
ENSMUSG00000000230,1319463,1331745,1378214,1338714,1405007,1345658,1319428,1379699,1312470,1293559,1347921,1347133
ENSMUSG00000000231,4912,4130,5649,4256,4826,5036,4863,4005,4494,4274,5948,4639
ENSMUSG00000000232,213899,216995,218782,205534,200323,197900,220468,222037,229583,208246,214400,229414
ENSMUSG00000000233,108883,100997,112179,107703,95148,105311,101643,107285,98121,92810,111175,112398
ENSMUSG00000000234,6230,8422,6189,7250,6511,6613,6022,6931,7692,6344,6795,6714
ENSMUSG00000000235,470786278,475190760,471086113,464915189,475747056,470945838,469671348,471702370,473386243,472974843,470754645,466833994
ENSMUSG00000000236,1180015,1081562,1123076,1113491,1094800,1085322,1109225,1111279,1061669,1109738,1141080,1161671
ENSMUSG00000000237,49,39,14,31,35,45,18,26,54,12,23,35
ENSMUSG00000000238,182941,202545,177374,173044,191371,187258,192299,183971,191564,165764,181814,177904
ENSMUSG00000000239,6040,7216,6214,6064,6023,6223,6048,6604,6532,6308,6021,6850
ENSMUSG00000000240,2854250,2730125,2650143,2590193,2776866,2680027,2604231,2607488,2532362,2616099,2701982,2776605
ENSMUSG00000000241,4040,4378,4191,3844,4131,3605,3887,3860,4247,4476,3853,4140
ENSMUSG00000000242,60903,56017,57657,49146,60290,55823,59428,55054,55369,57540,55012,52650
ENSMUSG00000000243,655377,668293,655637,645984,684108,732445,661627,689751,721020,627604,729158,679703
ENSMUSG00000000244,2857457,2832978,2872743,2887472,2939758,2814359,2939688,2910995,2844101,2782285,2724994,2835008
ENSMUSG00000000245,547,605,882,392,643,612,529,957,1075,691,604,983
ENSMUSG00000000246,24567,26080,21585,28275,20998,23248,24951,24316,24288,26269,24067,24024
ENSMUSG00000000247,13025,11811,14078,13685,13089,12612,15476,14114,14899,12482,13238,12491
ENSMUSG00000000248,6348,7864,6133,5555,7631,6425,5490,6502,7019,5690,7229,5607
ENSMUSG00000000249,103078043,101276598,104298686,105362937,105394742,103443343,103969781,103038728,103319137,103723299,103275489,105769427
ENSMUSG00000000250,420020,467174,456844,418968,445632,437458,459795,440327,491944,454835,441830,453734
ENSMUSG00000000251,651,724,842,566,494,288,488,700,587,740,453,455
ENSMUSG00000000252,3519452,3678043,3494776,3567074,3455137,3374280,3528799,3397179,3466210,3486889,3441957,3554599
ENSMUSG00000000253,433678085,432432828,428403984,439144053,435706822,429643382,431506785,434206365,435032882,435127520,431741306,432642263
ENSMUSG00000000254,5561317,5487394,5557139,5354705,5666680,5535876,5614626,5584151,5682661,5458644,5505932,5652603
ENSMUSG00000000255,215,201,197,208,248,169,139,211,211,277,109,212
ENSMUSG00000000256,11925,13008,11834,12655,10544,12270,13517,15356,13214,13795,11792,12826
ENSMUSG00000000257,14457494,14283590,13792226,14107434,14129400,14142242,13802677,14088304,14075045,13981772,13863498,14127410
ENSMUSG00000000258,5533,5037,5675,5971,6044,4890,4796,5526,5266,5865,5608,5595
ENSMUSG00000000259,515490,498222,509865,537506,535551,563022,532237,536061,541435,501609,478400,533992
ENSMUSG00000000260,2003572,1993296,1995287,1920695,2014167,2015145,1997798,2008127,1882923,1985473,1958017,1993190
ENSMUSG00000000261,2407,1951,1674,2523,2004,2736,2193,1549,2185,2283,2287,2582
ENSMUSG00000000262,69342,68062,67462,62856,71814,71138,67003,71300,69170,73411,68679,66139
ENSMUSG00000000263,0,0,0,2,0,2,0,0,0,0,0,1
ENSMUSG00000000264,1480,1328,1612,1141,1388,1374,1387,1194,1259,1065,1454,1732
ENSMUSG00000000265,32557,31666,30844,31783,31012,28916,31208,31464,32129,34052,31323,31927
ENSMUSG00000000266,731,638,860,673,709,710,475,855,581,663,892,688
ENSMUSG00000000267,60970296,60778608,59836387,61082269,60898238,62193678,60908426,61932742,60535074,60646848,61533242,62482786
ENSMUSG00000000268,296,246,248,345,261,306,257,290,290,316,348,280
ENSMUSG00000000269,13710,16027,14564,16422,14681,12137,13939,15320,16015,16150,12949,17529
ENSMUSG00000000270,161713,157174,152495,148494,157138,156797,165506,151323,145086,158785,141324,143532
ENSMUSG00000000271,28479825,28215641,28463806,28310304,28626818,27549351,27906052,28167728,29012788,27917308,27741598,27834536
ENSMUSG00000000272,286,245,306,209,237,358,189,229,244,279,324,388
ENSMUSG00000000273,9440441,9469501,9454543,9314157,9419361,9427549,9238322,9227848,9569706,9430303,9734185,9475444
ENSMUSG00000000274,85606,92973,96042,92220,85366,94950,91782,93229,102579,97038,95987,84229
ENSMUSG00000000275,1422,2080,1681,1616,1785,1526,1395,1517,1287,1685,1740,1255
ENSMUSG00000000276,548434,533714,554347,608148,545487,575184,573851,534454,585344,597345,556225,543904
ENSMUSG00000000277,193544,204966,204496,192865,199585,216002,201423,184834,182165,210750,210682,217397
ENSMUSG00000000278,9002,8012,7737,7758,9227,7447,7654,7879,7516,6983,7893,10552
ENSMUSG00000000279,120094,109813,121422,121644,126433,112655,118826,129624,117075,131463,115993,118096
ENSMUSG00000000280,19765,18661,19361,19858,20452,20567,19596,18974,18944,19645,18230,18909
ENSMUSG00000000281,146409,146037,134446,151302,131120,112291,132789,132267,149655,146767,144567,141892
ENSMUSG00000000282,1235119,1235162,1274669,1339998,1299674,1249424,1259273,1293308,1277063,1213713,1221154,1302254
ENSMUSG00000000283,51293422,50591122,49563822,49616620,50812147,50261775,50681763,51394082,49923791,48828431,50153739,50464189
ENSMUSG00000000284,545,469,583,637,646,750,711,393,628,756,682,983
ENSMUSG00000000285,446339904,451844533,450053548,452989224,450418563,451820644,449316540,452777918,454372543,451869700,459139151,451159269
ENSMUSG00000000286,36,31,40,30,44,57,32,34,40,32,42,30
ENSMUSG00000000287,47976,45931,47761,47845,53368,50211,44318,48950,49810,48607,44666,49812
ENSMUSG00000000288,880586,918460,985666,903912,912231,906499,975067,943960,977338,986842,926128,905990
ENSMUSG00000000289,269604,277943,273350,291737,281824,250851,278106,256195,296882,291331,265939,270037
ENSMUSG00000000290,5355,6889,7692,9434,7447,7574,8220,6874,7474,7920,6168,7996
ENSMUSG00000000291,39417,41159,36999,36519,36704,36670,44324,37153,36731,38740,38441,35439
ENSMUSG00000000292,13323,11392,13177,13410,11455,13164,13187,11005,11780,13099,12499,9587
ENSMUSG00000000293,8005,7911,7894,8458,7340,7532,8125,9522,7994,8682,7418,9643
ENSMUSG00000000294,2660163,2479386,2795362,2669994,2613374,2611563,2647003,2838856,2596088,2807291,2669250,2677985
ENSMUSG00000000295,338193,387947,370541,359597,351629,374262,364577,370736,371561,369642,396977,340511
ENSMUSG00000000296,6020,5068,5948,5157,5526,6458,5111,5890,5631,5764,5889,5456
ENSMUSG00000000297,3144837,3176859,3348817,3220098,3257207,3247801,3165356,3260979,3171105,3303826,3324435,3192648
ENSMUSG00000000298,315990,311363,319434,311513,308606,313932,307564,305288,288954,327654,295404,296357
ENSMUSG00000000299,2272117,2364511,2242695,2225284,2316400,2341333,2325630,2257972,2274750,2321583,2312632,2209757
ENSMUSG00000000300,1094328,1126031,1051596,1126483,1063778,1061557,1126118,1126903,1118244,1072948,1099893,1085825
ENSMUSG00000000301,2832,3114,3173,3144,2549,2484,3396,2714,3345,3555,3095,2713
ENSMUSG00000000302,9199,8864,10313,9376,8791,10073,10581,8659,7929,10215,9396,9407
ENSMUSG00000000303,1755526,1738116,1772680,1757388,1834201,1786653,1803002,1831976,1795482,1796252,1781990,1727016
ENSMUSG00000000304,1040296,1051355,989968,1023480,1083834,1054962,1047536,1048358,1035638,1044651,1032525,996756
ENSMUSG00000000305,85383,82668,86962,71499,77167,84672,72127,80667,79172,73882,82557,74101
ENSMUSG00000000306,151550,126261,143097,149359,135065,151171,148203,147346,150154,132380,143650,140459
ENSMUSG00000000307,14825870,14563128,14519174,14465749,14899468,14952083,14702653,14557086,14946870,14513041,15072511,14893197
ENSMUSG00000000308,8857,7375,9232,7924,7758,8580,7831,7493,7016,7458,8414,7757
ENSMUSG00000000309,804003,777489,794129,824966,787676,786515,819499,791446,822048,819293,810331,821085
ENSMUSG00000000310,41298,46277,42232,37174,37071,36108,39447,40828,42447,38051,40129,36697
ENSMUSG00000000311,36882,35783,37533,36968,37546,41275,33079,39176,39654,39245,34605,42823
ENSMUSG00000000312,7300149,7052234,7204008,7163854,7085025,7435588,7472455,7019326,7176021,7233118,7509763,7443896
ENSMUSG00000000313,2335153,2471586,2406915,2378227,2402518,2414161,2328383,2336566,2415771,2389925,2537276,2274868
ENSMUSG00000000314,2293995,2249532,2320349,2228857,2302851,2235069,2294878,2336846,2249593,2336941,2348423,2244880
ENSMUSG00000000315,16487758,16675000,16480023,16408057,16655305,16332271,16549060,17020119,16686278,16750547,16362911,16645723
ENSMUSG00000000316,101048,95396,100275,99650,96788,98272,93720,81719,103939,93365,101556,97966
ENSMUSG00000000317,1433481,1355413,1353939,1356479,1397974,1314428,1340296,1332601,1330805,1390389,1347119,1386396
ENSMUSG00000000318,27423,25169,28469,29616,23135,25623,26380,26427,27804,25366,24999,29021
ENSMUSG00000000319,336688,324828,339103,328717,331523,301688,317176,319834,325000,349850,308672,321023
ENSMUSG00000000320,50834,49369,53384,57324,51971,45352,51730,57308,50152,55668,56558,55629
ENSMUSG00000000321,142693,129673,136620,128399,121978,124552,140923,141852,122480,138886,131842,131875
ENSMUSG00000000322,953704,935925,1006987,953668,977139,923588,923824,1012569,1070956,960128,983403,939840
ENSMUSG00000000323,3238,2541,2982,3306,3920,3343,3399,3073,3429,2959,2773,2641
ENSMUSG00000000324,382481270,385215241,383747688,379360214,385431650,380454620,383797454,381734497,384196484,385148034,379911714,381553359
ENSMUSG00000000325,1527,1703,1047,1698,1692,1750,1208,1773,1906,1449,1455,1366
ENSMUSG00000000326,877,713,758,454,508,622,592,720,857,601,703,808
ENSMUSG00000000327,9339868,8839860,9269229,8826984,9217135,8945037,8883375,8995206,9149669,9133142,9213294,9027448
ENSMUSG00000000328,2136957,2175952,2084794,2132579,2143802,2102091,2105996,2018076,2143174,2099682,2165342,2182907
ENSMUSG00000000329,1093565,1109192,1102448,1078991,1057669,1097254,1085707,1013096,1048718,1068811,1129245,1056901
ENSMUSG00000000330,1071090,1063581,1165878,1123564,1128743,1066886,1088130,1083153,1125232,1069262,1042032,1165004
ENSMUSG00000000331,80142,86613,93621,80816,93111,91668,85798,80945,89097,89433,83492,94754
ENSMUSG00000000332,2355,2233,2115,3011,2312,2970,2492,2675,2725,2117,2648,2887
ENSMUSG00000000333,114063,122996,112883,116637,123624,103989,121319,120908,127016,117537,115418,123336
ENSMUSG00000000334,5774,6648,6785,6251,4967,5308,5712,5220,6510,4573,4967,6025
ENSMUSG00000000335,4255878,4389556,4595953,4498046,4488418,4456570,4421006,4261518,4352397,4266490,4241286,4163778
ENSMUSG00000000336,50832,49350,48211,46264,62620,50734,48944,49763,48443,48624,51282,45874
ENSMUSG00000000337,3592,3204,2755,3374,3561,2588,3392,4254,3510,3150,3206,3427
ENSMUSG00000000338,22068,23118,26132,21288,22953,23100,24304,26232,20975,23114,26249,25194
ENSMUSG00000000339,463511,492786,417976,528919,468180,476880,439256,458764,459498,460370,479710,454476
ENSMUSG00000000340,7712,9601,8642,9574,9665,9515,11174,9429,8678,9897,10169,9596
ENSMUSG00000000341,4018,4135,3527,2670,4143,3967,3172,2699,3393,4109,2744,3258
ENSMUSG00000000342,232577,243397,234723,227075,234662,241295,225279,234441,232571,247892,250514,221126
ENSMUSG00000000343,244425,238021,241238,233512,225752,236068,240455,254140,249275,234184,211482,230050
ENSMUSG00000000344,10920,13259,11429,10111,11156,10681,12680,12249,13198,12974,11432,13121
ENSMUSG00000000345,13337,12791,10901,14578,12812,12936,11788,14224,12421,13558,13021,12380
ENSMUSG00000000346,215216,224856,225972,229784,239709,237734,216959,205902,236811,231739,226058,222562
ENSMUSG00000000347,263,417,362,396,147,221,248,252,388,323,368,323
ENSMUSG00000000348,366,260,179,235,226,325,333,394,287,251,311,261
ENSMUSG00000000349,5743,4842,5964,5359,4553,4912,4600,4782,3886,4978,4039,6064
ENSMUSG00000000350,40359,41581,37622,40178,35786,38779,42752,39598,39641,38263,35926,34681
ENSMUSG00000000351,347994,324361,315684,308233,311047,304732,303159,300063,297517,330073,318867,313931
ENSMUSG00000000352,32352588,32202445,32879155,33138569,31779043,32441499,33431291,32172487,32315206,32047681,31741778,32627813
ENSMUSG00000000353,2650365,2693435,2847853,2580343,2713812,2764716,2773437,2781188,2585643,2861560,2752427,2771532
ENSMUSG00000000354,41420,48786,41308,50753,48048,50063,53051,45727,46626,43523,50948,43888
ENSMUSG00000000355,84244,74188,77680,80283,94459,83396,77517,85615,80745,85410,80508,82775
ENSMUSG00000000356,1323,1782,2112,1614,1667,1558,1700,1620,1748,1410,1828,1650
ENSMUSG00000000357,82569,80807,85036,81123,91458,88230,86165,84934,84334,93926,86553,82494
ENSMUSG00000000358,25584,30053,28414,27281,32535,28961,27088,23759,28942,28063,29770,25009
ENSMUSG00000000359,330112,317394,316695,329552,334638,309033,357966,308374,342059,300953,321705,321538
ENSMUSG00000000360,2926,3752,3729,3643,3858,3620,2810,3160,3087,2725,3422,3451
ENSMUSG00000000361,683153,718663,687652,749331,768504,741958,698602,662447,690891,749841,709389,678811
ENSMUSG00000000362,41556899,40988786,41389955,41004639,40828053,40654754,40671665,41253449,40444688,41869928,41449689,40680341
ENSMUSG00000000363,58804,55134,57440,51382,55468,58462,57381,55975,55859,60340,59259,55451
ENSMUSG00000000364,450066,450062,446827,464915,427621,436554,443227,459357,463898,462316,415367,455963
ENSMUSG00000000365,1377480,1373215,1356025,1353217,1412782,1330445,1434627,1457738,1449014,1391494,1421512,1363911
ENSMUSG00000000366,15266,18142,19497,16360,16076,18321,17670,19604,17721,15698,19026,16969
ENSMUSG00000000367,232596,229905,231995,209634,213026,201748,221206,211082,215264,223511,227706,230226
ENSMUSG00000000368,85584,92468,94226,89958,94025,99297,95949,97506,90833,84872,91441,86619
ENSMUSG00000000369,129946,132939,144918,119585,131378,130182,145701,136468,127531,138412,123399,122072
ENSMUSG00000000370,4251,3843,3947,3773,3362,4048,4685,4790,3419,3821,3865,3074
ENSMUSG00000000371,106783,96739,99056,99528,97870,100496,100063,99184,94220,92784,95182,105822
ENSMUSG00000000372,624107,666906,687743,660438,661176,648822,601700,649153,620527,655066,700605,681123
ENSMUSG00000000373,29288798,29498997,29145307,29307232,29251531,29951278,29170424,29033284,29433544,30001780,29243501,29507291
ENSMUSG00000000374,4133038,4290643,4121894,4147993,4116088,4035325,4190859,4134201,4154880,4201133,4164874,4086938
ENSMUSG00000000375,490137192,493229371,489138982,489356585,488361424,488650274,492358173,491339506,490678264,490971379,491198252,495142964
ENSMUSG00000000376,4609,4700,4189,4393,4164,4211,3450,4561,3422,3293,4819,3788
ENSMUSG00000000377,2921066,2972564,2950245,2907251,2910364,2847174,2885556,2833920,2899913,2895332,2921173,2967268
ENSMUSG00000000378,173799,180340,180082,177127,196137,183053,176946,204687,190923,180922,181687,186977
ENSMUSG00000000379,564376624,561916085,567538956,567397457,565345486,562951485,565994334,569025863,571006952,567804051,564112324,576005818
ENSMUSG00000000380,2967,3226,2961,4067,3728,3684,3187,3176,3255,3296,3750,2830
ENSMUSG00000000381,3408,3498,3291,3207,3479,3154,3494,3401,2792,2976,3070,3656
ENSMUSG00000000382,9390,6510,8544,8317,8384,7584,7538,9379,7364,8230,9005,9916
ENSMUSG00000000383,20,7,7,11,26,29,8,32,5,15,22,5
ENSMUSG00000000384,11425,9376,11471,11135,10955,10252,10605,10728,11169,11168,9044,9705
ENSMUSG00000000385,4348,4500,4596,4432,4614,3771,4776,4649,4785,4364,4113,4669
ENSMUSG00000000386,161242,172784,159821,157950,157463,166780,166691,164498,178507,156653,154693,179014
ENSMUSG00000000387,327185,343039,345032,376892,331264,366501,367678,375066,362441,358482,336516,329869
ENSMUSG00000000388,163166675,159873944,163523768,160555210,162350855,159804162,160406195,160903803,161694688,161320399,162783004,159709403
ENSMUSG00000000389,3966769,4063264,3960128,4038594,3873091,3935866,3962984,3958652,4091295,3888273,3968111,3869657
ENSMUSG00000000390,9208,9558,8374,7615,10239,9529,8820,8530,8884,9537,8488,8336
ENSMUSG00000000391,2280,2984,2537,2912,2268,2971,2380,2080,2443,2616,2079,2444
ENSMUSG00000000392,643909,656190,674923,646862,622849,625605,671990,641952,658842,656946,648068,664589
ENSMUSG00000000393,563,380,485,499,448,384,395,510,697,482,407,476
ENSMUSG00000000394,135420663,136186064,133328710,133759749,135069761,135591518,136145325,132074375,135986061,136123564,134791650,134191428
ENSMUSG00000000395,10014001,10043647,9893875,9845667,9857742,10021890,9876244,9833528,9871883,9858027,9805279,9974544
ENSMUSG00000000396,13227,11098,12751,13945,11021,14058,14064,12588,15512,14183,13397,12883
ENSMUSG00000000397,87,71,91,59,128,85,120,107,138,55,74,144
ENSMUSG00000000398,19558073,20093990,19985409,20334391,20255957,20184500,20263889,19715269,20682666,19717200,20483091,19886591
ENSMUSG00000000399,58881,61540,52980,58634,56204,49179,53591,54735,56326,51430,58384,60647
ENSMUSG00000000400,12760289,12551369,12483145,12665410,12676820,12409051,12575340,12421998,12229894,12616136,12701610,12553747
ENSMUSG00000000401,252,130,148,160,148,133,92,141,89,118,128,222
ENSMUSG00000000402,7648,7228,7670,7834,7741,8114,8559,9513,8119,8423,7491,6812
ENSMUSG00000000403,91165,97918,94281,90051,80424,99031,86081,90409,85829,93060,94261,105874
ENSMUSG00000000404,114222,100760,103882,103463,112270,108473,117476,116565,115441,111010,115459,108160
ENSMUSG00000000405,14068,14477,15302,12594,18191,14106,13792,13631,16223,14474,13940,12905
ENSMUSG00000000406,1125982,1040845,1066853,1083763,1074139,1044541,1072294,1047651,1094732,1073161,1068789,1041440
ENSMUSG00000000407,1080,1536,1282,1004,1184,1145,1196,964,801,1350,1211,1737
ENSMUSG00000000408,46034,48084,51034,45817,52083,49675,49229,45273,50940,47786,49850,48298
ENSMUSG00000000409,140632,153289,152911,145357,142756,141940,150261,146607,154811,135671,148562,140078
ENSMUSG00000000410,649421,660182,659896,719448,684529,676342,692074,706681,707543,708102,656106,712733
ENSMUSG00000000411,1507405,1571411,1524842,1482525,1550853,1505350,1547827,1551218,1594873,1597677,1542947,1487743
ENSMUSG00000000412,1272,779,951,951,783,862,969,907,887,966,1122,892
ENSMUSG00000000413,246,234,351,179,194,175,133,230,128,209,116,164
ENSMUSG00000000414,15072945,14972925,14960362,14777163,14959663,14659770,14650675,14657886,14708782,14860398,14555565,14620698
ENSMUSG00000000415,338398,330483,327517,340442,337335,326917,338398,335106,312878,332589,342656,317094
ENSMUSG00000000416,5178,4774,4733,4491,3911,5783,4147,4635,4301,4736,4462,3923
ENSMUSG00000000417,44014731,43782015,42710182,44210441,42831044,44134017,44470604,45024915,43630526,44016480,43509351,44127301
ENSMUSG00000000418,144593,139515,139903,143702,132654,138299,136332,156777,136176,151047,152360,150118
ENSMUSG00000000419,10074799,9968832,9899895,9737550,10258119,10189786,10177735,9874229,10312302,9886339,10236077,9974430
ENSMUSG00000000420,124128,108018,125242,113436,120209,112152,124321,119832,119344,109836,120164,106841
ENSMUSG00000000421,340689818,338410673,335167729,339634205,340226067,340883205,337531221,337377036,341344001,338147024,339311098,339829749
ENSMUSG00000000422,100053420,98255896,98992779,99645947,99263957,100905627,100780630,97448817,98089709,100729237,98558684,101009651
ENSMUSG00000000423,33122,36125,31834,34058,31077,34794,33543,33321,32732,29545,30275,34489
ENSMUSG00000000424,4289241,4183687,4218720,4428577,4322604,4153619,4295993,4398710,4266213,4189505,4329318,4274834
ENSMUSG00000000425,1176432,1154398,1174604,1237469,1105063,1100955,1225771,1221896,1154180,1214484,1163185,1155270
ENSMUSG00000000426,21036963,20952581,21091453,21038176,21263892,20889536,20896675,21644826,21533260,21419572,21321198,21351398
ENSMUSG00000000427,2022,1650,2371,1652,1650,1454,2083,1771,1906,1695,1464,2154
ENSMUSG00000000428,1409559,1431878,1342639,1407075,1447133,1353882,1425710,1419000,1355711,1346977,1410721,1348626
ENSMUSG00000000429,6155340,6314578,6240510,6094783,6141840,6012888,6263279,6144902,6092563,6195602,6184189,6096722
ENSMUSG00000000430,62,58,97,35,80,66,100,61,44,88,77,74
ENSMUSG00000000431,829,592,809,833,641,951,779,650,768,531,712,895
ENSMUSG00000000432,26,71,31,27,29,7,23,6,25,25,6,12
ENSMUSG00000000433,29958,28842,29557,31226,26723,31157,29005,33052,33885,31113,27427,28936
ENSMUSG00000000434,1552179,1573069,1548447,1669288,1608673,1546328,1546351,1552669,1596806,1565259,1659438,1676335
ENSMUSG00000000435,36288090,36442262,35766095,36542980,37016150,36069561,36740141,36609151,35793039,37005455,35528704,36371752
ENSMUSG00000000436,123568,110851,125934,115953,118130,112645,117096,111692,127844,111620,107966,121062
ENSMUSG00000000437,60193748,59290471,60846897,59424786,60653378,60480623,59506477,59419231,59834133,60135219,59797984,60111285
ENSMUSG00000000438,336,280,354,297,450,424,267,283,395,383,565,325
ENSMUSG00000000439,146,116,79,115,99,175,57,55,95,82,89,79
ENSMUSG00000000440,74685,71595,69517,70522,74557,64513,74600,76311,72766,68995,71904,67622
ENSMUSG00000000441,435546,406924,418484,403231,395484,410784,422435,430398,382784,399804,386860,414738
ENSMUSG00000000442,79398,73841,83022,84802,76409,75366,78546,77056,72615,72490,85690,82980
ENSMUSG00000000443,33,8,22,19,20,19,26,27,44,14,22,38
ENSMUSG00000000444,63949,61841,70802,59238,68428,60803,59608,60912,60197,62073,55735,60818
ENSMUSG00000000445,460,410,529,720,532,269,476,433,351,496,527,308
ENSMUSG00000000446,1285485,1271577,1306062,1322714,1276781,1332044,1316624,1248040,1278670,1250108,1245743,1245634
ENSMUSG00000000447,414975,389066,395787,390812,389582,410171,395575,373959,374639,383147,409478,386265
ENSMUSG00000000448,1707,1480,1913,1882,1795,2259,1917,2055,2688,2000,1672,1680
ENSMUSG00000000449,10396,11764,10834,11127,10757,9911,9978,11585,11831,11519,10142,10528
ENSMUSG00000000450,982,1063,1538,1207,1400,1385,1222,1588,1417,1441,1537,1209
ENSMUSG00000000451,64034,68954,68101,62251,74358,68285,72724,64206,68563,66952,78077,66902
ENSMUSG00000000452,4040890,3973393,4035973,4044592,4035875,4070306,4115524,4055453,3954881,4068142,4190236,4001749
ENSMUSG00000000453,1375,2062,2048,1787,1939,2236,1519,1602,1595,1607,1388,1425
ENSMUSG00000000454,681663,645296,695144,707121,666132,695489,700647,704832,650533,718389,652414,692817
ENSMUSG00000000455,11810,11660,11030,11830,11520,9218,10774,10360,11198,10933,10837,10200
ENSMUSG00000000456,3364,3937,4184,2941,4646,4331,4159,3165,4147,4006,4180,2943
ENSMUSG00000000457,62797,58101,57281,58709,63223,65305,52699,53390,56482,59940,56307,53283
ENSMUSG00000000458,1203,1199,1167,1553,885,1394,1257,1408,1209,1199,1335,1224
ENSMUSG00000000459,9820,11000,8792,10379,10395,11110,9559,9697,10158,10613,11535,9671
ENSMUSG00000000460,730,753,749,835,692,409,752,719,741,679,747,640
ENSMUSG00000000461,228680353,227993477,229731370,230300056,230776539,231197681,232576227,229678083,229551262,231137893,229274121,231431756
ENSMUSG00000000462,107151,108182,102062,106463,107510,94210,104473,110948,103992,106370,103507,89520
ENSMUSG00000000463,5677,5561,4865,5731,4936,4122,5196,5402,6209,6050,5236,4945
ENSMUSG00000000464,229436,202510,208918,197466,210058,222782,222793,210682,226190,206514,222389,187332
ENSMUSG00000000465,54277,61552,55165,53228,57932,52530,53081,57392,57026,53787,57187,56345
ENSMUSG00000000466,32879,37516,40803,33319,35292,35268,41501,34234,38196,40633,33636,35534
ENSMUSG00000000467,1077034,1084274,1053151,990299,996467,1014380,1003287,984676,1082357,1046763,1005015,1002074
ENSMUSG00000000468,1814531,1842265,1814556,1805379,1770463,1853776,1841552,1863907,1809841,1783281,1879841,1819931
ENSMUSG00000000469,10510,10808,9221,9646,10207,11393,10053,9540,12316,10152,12363,9499
ENSMUSG00000000470,10890,9324,8175,8872,6923,7966,8681,11247,8391,7641,8659,9257
ENSMUSG00000000471,29523,26883,30423,29044,29453,31026,32187,28254,30293,32849,24499,28204
ENSMUSG00000000472,10,16,10,4,22,13,11,2,6,6,3,9
ENSMUSG00000000473,217,177,151,179,163,233,250,225,141,260,176,141
ENSMUSG00000000474,21184391,20824622,21105563,21267094,21610922,21162808,21114659,21597370,20905014,21017730,21095435,21723440
ENSMUSG00000000475,63722114,62950160,64606412,63892930,64609281,62700647,62632750,64342770,63816190,63628348,64484767,64900405
ENSMUSG00000000476,34615,32365,32737,36199,34823,35898,31313,36414,35889,34119,31761,33791
ENSMUSG00000000477,897689,821690,842796,881677,865608,901624,907881,894553,944125,882235,948134,946467
ENSMUSG00000000478,274295,323970,310028,285218,333171,302953,306485,313804,325481,318761,315573,311952
ENSMUSG00000000479,19818611979,19892539932,19875926120,19758882439,19791222576,19804796281,19862283913,19800809966,19792577419,19751807299,19813364191,19834630127
ENSMUSG00000000480,7692715,8042857,7920637,7671018,7559898,7653650,7681372,7704452,7791760,7833382,7626347,7818143
ENSMUSG00000000481,57122,46873,48796,58709,49578,51438,46413,59954,51931,51629,61322,52859
ENSMUSG00000000482,1971,1746,2037,2402,2436,1970,2075,2054,1749,1582,1809,2336
ENSMUSG00000000483,104,148,145,80,146,133,165,125,154,229,105,57
ENSMUSG00000000484,187403,203006,195857,197640,197941,193268,200058,199922,211417,203937,208343,204405
ENSMUSG00000000485,4302,3498,3955,4108,4248,3365,4647,3439,4292,4194,4603,4695
ENSMUSG00000000486,321,333,273,390,288,245,224,378,419,391,243,189
ENSMUSG00000000487,5856,5689,6326,8535,5954,7229,5966,7360,8650,7116,5985,6729
ENSMUSG00000000488,904,1308,1211,1066,968,1106,937,1138,903,1072,1264,864
ENSMUSG00000000489,76111808,74823963,76239375,75315410,74361539,75456176,75773795,74852080,75630615,75425507,75770816,75647798
ENSMUSG00000000490,3040388,3197386,3047761,2890175,2971004,3078568,3016701,3019704,3009288,2976123,2954998,2969698
ENSMUSG00000000491,87787,84089,84516,84295,83108,76048,84319,75416,88750,80455,82450,79703
ENSMUSG00000000492,33486882,32355549,32641875,32931693,32994976,33486301,33692169,32793903,33063977,33203553,33077633,33545320
ENSMUSG00000000493,118971,120480,123704,119612,118322,118206,121587,137934,113515,112274,121892,123751
ENSMUSG00000000494,2632,2641,2180,2893,2959,2918,3293,2977,2131,3472,2047,2413
ENSMUSG00000000495,39877840,39120663,39214749,38633964,38938649,39222462,39779948,39857124,39810632,38942235,39789906,38700376
ENSMUSG00000000496,767096,741256,768326,804185,719838,765780,731316,772691,843066,776783,756761,763057
ENSMUSG00000000497,1123,1436,1208,1526,1342,1226,1386,1718,1954,1303,1314,1744
ENSMUSG00000000498,44017,40464,40511,42687,45813,41299,42876,37822,44877,40196,45125,40736
ENSMUSG00000000499,2807,2768,2652,3241,2928,2341,2181,2093,2411,2251,2520,2956
ENSMUSG00000000500,406,386,329,290,348,487,308,262,551,349,341,271
ENSMUSG00000000501,3731884,3590241,3668373,3450286,3644176,3704629,3419857,3616010,3696713,3722698,3715408,3558364
ENSMUSG00000000502,184922669,184903917,184146393,184741781,185471256,183177483,184507099,186578920,185713841,184273726,181899855,183156817
ENSMUSG00000000503,310,331,459,482,188,357,311,233,239,378,360,413
ENSMUSG00000000504,795268,836550,862328,863772,897479,808398,873020,815674,850381,868258,851775,831800
ENSMUSG00000000505,6771,7570,6430,7215,6788,5592,6292,6636,6455,8202,8219,5904
ENSMUSG00000000506,11399,11772,14672,12043,12260,11032,13234,11276,12879,11026,12053,11304
ENSMUSG00000000507,8274,10253,8292,8576,7862,7499,9781,8227,7868,9547,7899,8160
ENSMUSG00000000508,2699,2930,3175,3008,3470,2726,2190,2156,2866,3068,2367,3335
ENSMUSG00000000509,108867,103162,114997,116589,103940,102061,97255,109157,102259,109644,110509,95674
ENSMUSG00000000510,3222,3363,3278,2883,2483,4012,2869,3464,3096,3886,2672,3517
ENSMUSG00000000511,277174,247798,258374,251580,273552,266162,261302,258514,273809,263836,249691,256855
ENSMUSG00000000512,77456,80321,73179,71132,69164,71219,67996,69493,72814,76148,67390,67166
ENSMUSG00000000513,32285,34139,32692,33778,37099,31247,31093,33256,29421,30677,33880,33489
ENSMUSG00000000514,2484,2540,2063,2241,2368,1713,2314,1935,2764,2249,2457,1727
ENSMUSG00000000515,8541,7148,9003,10444,8239,9412,8081,10700,9595,8648,8314,9466
ENSMUSG00000000516,1840172,1789874,1812003,1783837,1790301,1831919,1776920,1747026,1843295,1792280,1811094,1876640
ENSMUSG00000000517,635550,689643,701291,700600,687032,673279,631424,668357,656914,618339,642523,691812
ENSMUSG00000000518,1883,1401,1586,1985,1888,1427,1915,1842,1925,1730,1803,2047
ENSMUSG00000000519,133686,125453,133011,132353,146916,129474,130875,138007,127694,126373,137418,145105
ENSMUSG00000000520,1914882,1791094,1762618,1794693,1848285,1753464,1837363,1835345,1779480,1734428,1723537,1723776
ENSMUSG00000000521,128,65,55,74,108,22,72,53,110,106,72,137
ENSMUSG00000000522,763617,812707,820347,778305,761823,801714,799164,765827,795105,753234,787188,734240
ENSMUSG00000000523,6140,6869,6741,6131,5712,6263,6068,6297,6077,6224,5557,6029
ENSMUSG00000000524,851446,883473,855489,882755,885865,868978,856066,821605,881140,850479,828430,865433
ENSMUSG00000000525,4069,4044,3520,3658,4265,4395,4333,3929,3984,3641,4804,3796
ENSMUSG00000000526,91,81,29,82,36,14,44,50,85,73,88,74
ENSMUSG00000000527,213,92,170,101,145,141,156,111,154,202,115,112
ENSMUSG00000000528,109448,112776,113335,107093,113640,109744,106205,104263,113358,105016,127374,110781
ENSMUSG00000000529,242362,245830,265709,272938,231997,245128,241409,248728,233991,261766,245674,264160
ENSMUSG00000000530,2780,2293,2509,1938,2291,1845,2028,1901,2245,3140,2067,1959
ENSMUSG00000000531,1135127,1213922,1128194,1106764,1179446,1135770,1108437,1119592,1177366,1198347,1160235,1096670
ENSMUSG00000000532,135,75,165,137,81,132,88,179,159,117,187,105
ENSMUSG00000000533,64396,63088,68441,75411,70261,73329,65105,72093,61496,70278,59775,67273
ENSMUSG00000000534,1086,555,761,846,780,685,787,616,779,772,697,657
ENSMUSG00000000535,6079,7874,6372,6896,6699,6194,6288,5915,5927,6619,5569,5931
ENSMUSG00000000536,108733,116874,113940,96184,115287,109892,112620,104579,107719,115696,104074,102300
ENSMUSG00000000537,3279,3270,3080,3631,3712,3052,2822,3084,2387,3291,3239,2970
ENSMUSG00000000538,16822,18301,15606,18670,20129,18182,15936,17989,20190,19149,21395,20258
ENSMUSG00000000539,5077358,5137033,5050590,5071293,5097233,4814776,4884418,5084396,4912839,5031698,4803507,5022432
ENSMUSG00000000540,7516,9410,7827,9315,10376,8711,9409,10354,7918,9048,9122,8258
ENSMUSG00000000541,2533500,2523381,2496202,2630622,2491507,2496906,2550897,2507823,2517156,2503987,2397558,2577779
ENSMUSG00000000542,1153,1060,869,820,1050,837,705,1032,552,1041,798,800
ENSMUSG00000000543,711659,774048,704817,731889,755071,769899,725387,721979,752719,719602,727449,736246
ENSMUSG00000000544,28580377,27941835,28248956,27959293,28458803,27736244,28138197,28288099,28138364,28192776,28602678,28394309
ENSMUSG00000000545,12,2,2,2,0,8,12,4,1,0,11,2
ENSMUSG00000000546,4016,3541,3305,3497,3883,4199,4419,3778,3233,3208,3938,3302
ENSMUSG00000000547,893692,927664,927536,838519,907306,929531,870988,853945,880412,850268,860747,875318
ENSMUSG00000000548,34409,42768,41465,39690,42702,36088,40141,39957,37837,39835,39410,37079
ENSMUSG00000000549,403495,387572,382515,403241,376230,393593,393223,406093,401730,391985,402326,367205
ENSMUSG00000000550,6638,8747,8139,7804,6874,8146,7050,6965,7731,7997,6983,8244
ENSMUSG00000000551,134602,134397,125418,129185,126496,129956,116930,122927,125070,134274,142888,142182
ENSMUSG00000000552,44290,47977,51026,52330,48500,49954,46113,49155,40366,49954,44205,47403
ENSMUSG00000000553,9566292,9728887,9429744,9532205,9539585,9677825,9364813,9289934,9729552,9198248,9424563,9789097
ENSMUSG00000000554,233777,235244,252834,260194,259091,241915,237457,253269,245700,249970,236166,250401
ENSMUSG00000000555,336343,354471,337460,346961,342618,333068,322851,349242,334358,349588,340584,354870
ENSMUSG00000000556,16937,18812,16381,17557,16795,16321,17865,15622,18608,17328,20066,13144
ENSMUSG00000000557,11891,13614,10710,12866,12652,12547,14385,14328,14266,14520,11353,12958
ENSMUSG00000000558,14864,14368,15792,17575,15700,15799,15011,16132,13969,14673,16826,13723
ENSMUSG00000000559,420753,426693,412339,433257,415765,426417,406508,440351,404157,413561,432217,418820
ENSMUSG00000000560,16972,17270,16774,14897,17169,17399,18049,14436,18085,17403,15314,16575
ENSMUSG00000000561,275982,288096,281716,271372,280128,289396,286508,266261,278662,271110,288953,279862
ENSMUSG00000000562,356812974,358427837,356193463,357318220,361395792,357604640,357707596,354775961,355648396,357910779,354063206,361052015
ENSMUSG00000000563,2886949,2851711,2812467,2965891,2837602,2801437,2866070,2898172,2937793,2817854,3009092,2823845
ENSMUSG00000000564,24881,22688,23741,25821,22805,23499,24542,25997,24630,24048,29157,22720
ENSMUSG00000000565,10900347,10796201,11255777,10720593,10653602,11085672,10583917,10921621,11074798,10965819,11240768,10887185
ENSMUSG00000000566,17205,14623,20911,18455,20322,17023,15876,19232,15337,18812,17687,15959
ENSMUSG00000000567,15,38,28,35,17,79,30,21,12,21,59,15
ENSMUSG00000000568,1674,2007,1917,1917,1671,1676,1868,1304,1315,1495,1633,1248
ENSMUSG00000000569,64,52,27,36,33,63,91,51,47,35,110,47
ENSMUSG00000000570,21303,23442,24346,23212,23176,22108,21781,20597,20660,19356,19936,20528
ENSMUSG00000000571,91222,95464,87563,89588,90395,96775,95059,94693,94592,101869,89415,97421
ENSMUSG00000000572,72478292,72121305,73002764,72652656,72314230,73762724,73467996,72147178,70233318,71655560,73505944,73078076
ENSMUSG00000000573,311601,325496,312499,339122,339528,314342,351338,320372,348106,316643,315530,293306
ENSMUSG00000000574,45438,39126,33969,35400,38492,41116,34128,37561,38439,34330,36267,37859
ENSMUSG00000000575,2483591,2543365,2369251,2474906,2459488,2393254,2361396,2459386,2405504,2450101,2454410,2405671
ENSMUSG00000000576,33,15,3,14,15,14,15,5,12,10,4,15
ENSMUSG00000000577,237217,221475,231626,241040,214803,226192,226226,222200,247844,229343,232405,255392
ENSMUSG00000000578,1942228,1995449,1990999,1973231,1978469,1963978,2016358,1942929,1854510,1996563,1867805,1920348
ENSMUSG00000000579,306,266,189,166,313,354,158,207,212,331,301,266
ENSMUSG00000000580,8549149,8733300,8579454,8551689,8494168,8736957,8400068,8436238,8557188,8989439,8712474,8589882
ENSMUSG00000000581,349536,344796,349940,333684,346743,363362,348370,324190,336567,358573,329112,325106
ENSMUSG00000000582,16387,14050,18286,16242,16369,17916,15530,14310,16565,15624,18920,17088
ENSMUSG00000000583,1087539,1149180,1139800,1097046,1138955,1088673,1167626,1162030,1128758,1155739,1138533,1160359
ENSMUSG00000000584,777585239,778793296,772156964,784921900,784128563,784044148,785599417,775486863,781379232,785325693,783103671,777168681
ENSMUSG00000000585,188828,184729,173905,193928,190469,176368,185412,172375,187883,197422,199865,187695
ENSMUSG00000000586,258372,249642,234527,246242,235011,234867,230436,226950,226623,226688,246951,221180
ENSMUSG00000000587,14499,16677,15004,14364,16138,13518,14401,15453,14204,12019,15204,13456
ENSMUSG00000000588,2535,2780,2816,3326,2871,2819,2593,3065,3240,2755,3495,2933
ENSMUSG00000000589,2367761,2588743,2537639,2457411,2349355,2479350,2512942,2484055,2422439,2563748,2490307,2327431
ENSMUSG00000000590,3254,2704,2712,2229,2081,2054,3306,3023,2793,2653,3054,3379
ENSMUSG00000000591,122430,111714,125537,117282,124534,124169,119116,119061,112917,121750,115491,126014
ENSMUSG00000000592,12409,11798,13124,14721,13720,13064,12970,13222,14464,13640,13176,12014
ENSMUSG00000000593,582189,591887,623203,619881,576607,605825,589877,580375,596486,573095,599602,615328
ENSMUSG00000000594,367378,326617,338386,327778,341143,337733,379098,332027,345920,341370,325794,316947
ENSMUSG00000000595,5520041,5589050,5638812,5443871,5680119,5646701,5560626,5809723,5667729,5675535,5653962,5677989
ENSMUSG00000000596,11623,12817,10901,13115,9053,11362,12406,10603,10862,13149,10780,11401
ENSMUSG00000000597,29383,28158,28131,28889,32829,32793,28551,31492,31364,33063,29998,31835
ENSMUSG00000000598,1587,1344,1575,1821,1790,1884,2314,1884,2230,1301,1708,1956
ENSMUSG00000000599,15132,13683,14345,15777,15892,13370,15290,15801,15019,17791,16574,14816
ENSMUSG00000000600,410642,396381,380702,407873,395113,414186,398868,429466,400776,432264,399090,398749
ENSMUSG00000000601,1735579,1801266,1813172,1893142,1851551,1833528,1823619,1929200,1865254,1764952,1819149,1803317
ENSMUSG00000000602,1787,2327,2060,2060,1980,2108,2046,2283,2153,1769,2355,2141
ENSMUSG00000000603,2834418,2881103,2953335,2879021,2880609,2854631,2882050,3033524,2841868,2932363,2863200,2889615
ENSMUSG00000000604,20445960,20181037,20693941,20070393,20417587,19663236,19962739,19778485,20192146,19826097,19761338,19653212
ENSMUSG00000000605,457997,447332,444410,443651,468118,438588,452280,480112,480782,458403,504191,446751
ENSMUSG00000000606,161421604,163512296,163492190,163173557,160533292,159886693,162629038,160567351,162438938,160163373,162157799,161748220
ENSMUSG00000000607,4142,4476,4043,4979,4426,4517,3861,3685,3810,4211,4739,3378
ENSMUSG00000000608,519,766,704,734,671,552,542,544,511,632,847,510
ENSMUSG00000000609,82,112,44,66,79,69,95,99,60,68,46,57
ENSMUSG00000000610,35103828,35315010,34961345,35148460,35261005,34968142,34718845,35165648,35187298,35279200,34916030,35179031
ENSMUSG00000000611,1155155,1265243,1205652,1217956,1160450,1135015,1213414,1241695,1208397,1260541,1242798,1161956
ENSMUSG00000000612,75569,67076,74258,74299,68106,70679,70741,70796,67280,67371,68011,72244
ENSMUSG00000000613,277496,274807,277832,277137,287114,259598,274172,270022,278602,257723,290861,268959
ENSMUSG00000000614,890,1079,778,1037,933,959,790,1126,891,892,845,946
ENSMUSG00000000615,1583449633,1584957091,1583021238,1588389111,1571858932,1567314270,1575280295,1582221550,1581797129,1579055527,1578116196,1572454444
ENSMUSG00000000616,139891,143013,157219,150665,154979,148070,153677,143340,154421,132018,145422,158248
ENSMUSG00000000617,134813,133396,149797,141771,136410,139044,133352,139354,141781,141837,147870,141485
ENSMUSG00000000618,1576671,1688156,1699881,1591709,1599468,1628129,1617587,1583681,1640845,1715637,1646604,1639879
ENSMUSG00000000619,639395,583418,641249,618838,625853,636606,614945,654273,587648,580846,624085,584134
ENSMUSG00000000620,219508,213878,212328,215386,219325,206469,215375,227837,221858,220893,233350,221785
ENSMUSG00000000621,4272,3844,4307,4276,4510,3440,2888,3402,3799,3135,4090,4137
ENSMUSG00000000622,587230,573677,589269,615003,567988,591001,599484,590100,631920,574757,601470,583356
ENSMUSG00000000623,163670613,165200925,167092028,166274140,167293707,164683737,166020402,164295804,164426116,165104258,163324361,163283739
ENSMUSG00000000624,18677939,19475143,19177409,19569623,19257721,19432249,19590610,19500974,19789709,19035831,18931377,19768191
ENSMUSG00000000625,51726117,52157740,52389996,51781250,52163541,51299609,52381016,52639158,53137099,51787666,52870295,51300240
ENSMUSG00000000626,13990,11141,11454,12149,11334,9869,12134,11314,11719,10542,11511,10894
ENSMUSG00000000627,1479,1430,1633,1646,2336,1458,1502,1646,1960,2048,1533,1557
ENSMUSG00000000628,55170,58984,57607,49461,64985,56265,52264,58204,52048,50392,49187,51973
ENSMUSG00000000629,98358,100337,121265,102334,106132,107096,113394,108234,115985,108029,117077,105370
ENSMUSG00000000630,7059815,7014314,7163678,7003997,7211423,6812355,6956270,7194108,6940383,7192662,7403856,7220001
ENSMUSG00000000631,101,116,115,108,82,88,162,71,73,104,87,58
ENSMUSG00000000632,39704269,40724614,39915436,39870316,39444380,40260602,41250598,40345265,40055859,40336078,39585511,40129592
ENSMUSG00000000633,49123,47683,43059,50364,48534,49033,49265,48659,42284,48417,48464,46881
ENSMUSG00000000634,16088,15875,16440,18662,16283,13274,17321,17525,15329,14538,18255,15607
ENSMUSG00000000635,1423,1261,1578,1116,1461,1684,1639,1903,995,1520,1588,1182
ENSMUSG00000000636,181,74,166,110,118,158,133,96,142,81,164,94
ENSMUSG00000000637,2443884,2385939,2363180,2371166,2312141,2339252,2420258,2396533,2390089,2493901,2416645,2422836
ENSMUSG00000000638,122994,114910,111875,118849,109212,119537,110714,121034,124581,119093,112004,123033
ENSMUSG00000000639,775,571,711,446,474,632,575,490,467,426,602,596
ENSMUSG00000000640,665,432,460,359,414,537,529,335,638,366,532,442
ENSMUSG00000000641,24113,22590,24850,23795,24957,25307,22454,23371,19605,22169,26942,22861
ENSMUSG00000000642,71522830,70754276,70459676,69639520,71856417,70459383,70277470,72174514,70184165,70650778,72945929,69811052
ENSMUSG00000000643,29407,27992,33415,32606,27146,31027,30279,34583,28125,30236,29043,32662
ENSMUSG00000000644,201,176,214,219,88,276,263,248,140,170,174,183
ENSMUSG00000000645,37519,35020,32973,32183,28756,33977,33360,33269,31309,34050,33512,32493
ENSMUSG00000000646,33283,31962,30445,31316,30536,29785,28535,25567,30671,25968,30596,26730
ENSMUSG00000000647,3,1,1,1,1,1,0,0,2,2,0,0
ENSMUSG00000000648,74435,71619,68048,76216,67346,69612,73271,66789,69270,70415,75489,68103
ENSMUSG00000000649,36087,35230,37741,34416,37628,33187,35281,34857,37534,36656,32655,37334
ENSMUSG00000000650,1490259,1464421,1450231,1467365,1450842,1343337,1412349,1445340,1428989,1438612,1395103,1476787
ENSMUSG00000000651,143818565,146657697,146120227,142948929,145934825,145679215,143610090,145340052,146879049,146000142,144872129,143549599
ENSMUSG00000000652,7799647,8144195,8230578,8247010,8141577,8062241,8210001,8148829,8467968,8150191,7988867,8164861
ENSMUSG00000000653,27120,33022,28966,30955,32511,28509,27261,33037,33503,30600,29168,32593
ENSMUSG00000000654,1117,989,1124,906,1049,1137,1304,727,1182,1055,1138,1111
ENSMUSG00000000655,2620523385,2637565601,2608227543,2630374274,2627826715,2626013535,2637513513,2625305874,2635905393,2639899341,2617833155,2640416054
ENSMUSG00000000656,110763,115937,114801,115538,112857,109915,112840,109790,120685,114977,117245,109784
ENSMUSG00000000657,100990,104485,91232,96272,98418,89831,100998,95032,97808,78154,89787,92366
ENSMUSG00000000658,80118,83217,80368,90403,76895,84912,81955,84680,72312,82992,81597,79868
ENSMUSG00000000659,194535,200329,203688,215480,212707,202134,198065,197460,197879,205665,191815,202322
ENSMUSG00000000660,50789,49338,49812,49391,51544,41309,50059,48743,50001,50090,50140,49634
ENSMUSG00000000661,9551,7553,10983,9279,10620,9919,9465,9137,9763,10260,8518,6794
ENSMUSG00000000662,9814,8966,9910,8328,10388,8479,10150,9366,11641,8700,8980,8621
ENSMUSG00000000663,72219,84407,80441,82415,82168,72681,79905,78464,78740,76210,74244,76496
ENSMUSG00000000664,7733,10154,8405,10501,10587,10046,9253,8977,10914,8705,10556,8605
ENSMUSG00000000665,4969,4147,5012,3883,5382,4632,5129,6453,5594,4859,4346,5581
ENSMUSG00000000666,131626,135953,149525,118103,131245,145427,135353,129156,143341,134900,132703,128473
ENSMUSG00000000667,31652,31449,32278,35353,30672,31615,31034,31794,28079,30050,31477,33339
ENSMUSG00000000668,35967599,36047127,36540871,36367789,36104355,36190611,36429646,36822512,35750966,36368843,36475282,36171731
ENSMUSG00000000669,2,1,6,0,0,1,2,0,0,1,2,1
ENSMUSG00000000670,7013400,7191367,6978483,7138572,7029660,6799217,7054095,6991860,6879026,6973579,7326964,7093239
ENSMUSG00000000671,13169123,12689671,13352888,12846892,12649770,13312406,13148722,12954373,13327628,13014244,12906867,12494787
ENSMUSG00000000672,11,20,37,16,15,15,38,21,34,22,48,19
ENSMUSG00000000673,22846,23121,22458,20434,26787,20824,21586,19797,21932,22909,24804,23297
ENSMUSG00000000674,19333,19984,19765,20642,19169,19983,21410,23096,22709,20627,18485,22519
ENSMUSG00000000675,194,202,243,385,309,241,437,483,399,175,356,165
ENSMUSG00000000676,4033,2773,3996,4017,3794,4600,3702,3165,4696,4182,4870,3942
ENSMUSG00000000677,565,1003,931,1117,1000,1032,1100,902,817,1103,1555,956
ENSMUSG00000000678,97109475,97987537,97976817,98456159,98117499,98249329,98859199,98901574,98850512,99839454,99529528,98661024
ENSMUSG00000000679,3738347,3903501,3690353,3747104,3756148,3861876,3723805,3812433,3625982,3847848,3784105,3764176
ENSMUSG00000000680,13917007,14332181,14471691,14207607,14712894,14506997,14365752,14121148,14062954,14428818,14315923,14318971
ENSMUSG00000000681,1627017,1543013,1599859,1617761,1619309,1596322,1555495,1598787,1676421,1589648,1581233,1521870
ENSMUSG00000000682,1430,792,848,1123,1148,1163,1046,1066,997,961,898,1031
ENSMUSG00000000683,11406,10942,9919,8923,11997,12397,8300,9904,12592,9372,10961,9973
ENSMUSG00000000684,574060,648103,632000,614252,578863,613861,607207,625858,606324,630821,620671,618201
ENSMUSG00000000685,720,743,383,722,743,716,651,922,671,474,608,612
ENSMUSG00000000686,1502033,1563454,1559061,1443128,1553268,1466443,1541121,1591931,1519938,1490062,1595754,1532265
ENSMUSG00000000687,28982,33018,31525,34974,36191,34848,30032,37391,33905,34594,35048,34714
ENSMUSG00000000688,18750,23754,19940,21926,18135,17318,17979,20640,22033,20675,20036,18257
ENSMUSG00000000689,1529924,1507444,1516371,1537681,1569523,1531502,1554246,1509668,1475706,1544682,1517681,1495378
ENSMUSG00000000690,550204,509974,520586,513832,519758,557262,550207,560886,502693,534303,529069,504184
ENSMUSG00000000691,21160,21611,21554,23768,24164,19972,20071,17861,19668,21154,22653,21439
ENSMUSG00000000692,9272989,9276703,9067071,9285322,9442382,9276767,9062695,8495339,9201506,8830936,9346966,9243047
ENSMUSG00000000693,1156,1354,1006,956,1037,1369,1048,1055,1014,1034,1150,1386
ENSMUSG00000000694,1022317,1101565,1051482,1055827,1004362,1037964,1113322,1056190,1093393,1043437,1028654,1006550
ENSMUSG00000000695,942801,1007012,948661,958688,936106,864321,1022975,957645,1004496,914138,941251,951583
ENSMUSG00000000696,21334,25762,26157,24784,23630,28950,24113,22552,29698,27578,25942,22717
ENSMUSG00000000697,307345,333782,345299,306242,324200,341256,342823,322921,314929,316213,322248,319943
ENSMUSG00000000698,617,1002,663,620,659,439,676,473,865,416,884,594
ENSMUSG00000000699,3604744,3590671,3673602,3687979,3717328,3616217,3508739,3630625,3600998,3619433,3547914,3498141
ENSMUSG00000000700,38342,38510,44845,43179,37908,44593,39987,40262,44969,43953,47781,44384
ENSMUSG00000000701,11239,10492,10145,10673,13039,11641,9618,10385,10535,9988,12085,10510
ENSMUSG00000000702,6144050,5899510,5803809,5968178,5770778,5828449,5824956,5923462,5858958,6095134,5964447,6031327
ENSMUSG00000000703,5735,4928,5040,5298,4425,6079,4293,4992,5853,6010,4243,4758
ENSMUSG00000000704,469,243,335,265,179,346,252,286,231,309,286,372
ENSMUSG00000000705,175,157,151,285,121,175,252,266,120,160,209,175
ENSMUSG00000000706,988769,1030953,1015473,960072,969858,1029805,1044760,997213,910067,952242,1041495,994894
ENSMUSG00000000707,365,625,514,432,588,462,525,443,473,567,434,510
ENSMUSG00000000708,99277851,100130813,100085176,98822545,98785485,100760752,99592511,98191987,99591620,100840625,101166903,100405617
ENSMUSG00000000709,14,36,26,30,26,26,23,17,19,17,42,28
ENSMUSG00000000710,79307793,77859584,79069822,78727912,78688919,78492506,78869927,79529618,78625948,79300387,78364981,79292719
ENSMUSG00000000711,200878,225131,204726,204099,207431,211285,199499,213210,206809,210708,207349,200054
ENSMUSG00000000712,60587,61630,56847,60426,64761,64801,62500,59714,59891,61837,53480,57195
ENSMUSG00000000713,10136,11841,8513,8957,7649,9719,9734,10735,9978,12401,11343,10417
ENSMUSG00000000714,446817,391561,435671,421845,455586,454963,457666,433110,427852,426524,423616,398932
ENSMUSG00000000715,76641,72756,74620,71471,79908,81503,79675,77498,80550,82928,72625,83128
ENSMUSG00000000716,7571383,7477673,7382649,7055332,7188598,7310536,7245042,7260395,7575123,7399145,7246029,7205094
ENSMUSG00000000717,159491,141274,135832,149879,138575,125880,130554,153165,146767,136512,130390,141264
ENSMUSG00000000718,150613,156353,157506,168079,163404,150823,179553,167354,156603,179422,154631,157226
ENSMUSG00000000719,19098,18507,25663,18274,20152,21475,17317,20272,20330,22293,19792,20603
ENSMUSG00000000720,76194,82236,84641,76310,61791,65455,71436,71128,73838,68084,66886,66235
ENSMUSG00000000721,298110,302919,314166,283923,308800,324160,306609,318684,285317,292186,290322,317821
ENSMUSG00000000722,83,191,70,94,132,174,128,123,82,49,71,53
ENSMUSG00000000723,378,384,499,287,306,349,360,330,385,242,279,307
ENSMUSG00000000724,1786009,1737139,1685968,1795059,1688572,1728654,1723532,1740701,1730916,1769803,1682178,1742201
ENSMUSG00000000725,178594,174345,179747,170821,181681,179140,159053,182660,185509,165063,186100,172287
ENSMUSG00000000726,41260,46628,42845,42606,44173,43939,38934,50999,43336,40081,43437,42898
ENSMUSG00000000727,91544,99875,97217,95894,100863,98346,87631,88813,106866,104440,96065,91129
ENSMUSG00000000728,380078,326599,391818,321542,357754,355460,332018,371191,387732,338512,359058,323814
ENSMUSG00000000729,9338,9403,10505,11279,11491,13092,10449,11058,9955,9952,10055,8503
ENSMUSG00000000730,3609,4028,4388,3393,4166,4590,3797,3854,3956,4576,3362,5226
ENSMUSG00000000731,185629,188307,199025,203080,187938,195135,200611,191774,182714,212929,204108,192990
ENSMUSG00000000732,1927,1771,1502,1820,1779,2024,1783,1802,1618,1573,1587,1577
ENSMUSG00000000733,473699,452161,456438,448677,479036,450909,432135,484035,458113,472051,473933,459837
ENSMUSG00000000734,66,63,71,106,217,82,84,122,122,98,112,55
ENSMUSG00000000735,5696453,5719966,5272034,5451286,5557384,5524577,5489947,5330272,5713722,5372685,5474133,5356523
ENSMUSG00000000736,609426,570607,600188,547066,587335,592757,610837,568658,580306,582897,603805,596366
ENSMUSG00000000737,260872,230524,236435,244771,271567,252198,249879,231121,249151,249381,258403,247928
ENSMUSG00000000738,4363544,4500853,4498250,4535825,4624789,4422796,4637307,4588968,4606300,4481664,4638807,4416069
ENSMUSG00000000739,68756244,68716782,69264167,69004792,69915131,68698656,69939031,68437102,69303436,67875755,70648885,70044667
ENSMUSG00000000740,5044114,5162021,5125581,5049601,5315810,5131254,5203180,4904813,5260461,5136850,5204560,5213565
ENSMUSG00000000741,94,36,50,33,51,56,56,80,68,58,37,22
ENSMUSG00000000742,350,677,407,442,553,631,776,600,426,802,486,453
ENSMUSG00000000743,7894,7622,6798,9126,6460,9024,8234,8430,8407,6523,7719,7520
ENSMUSG00000000744,100566,93885,102156,100599,104703,107115,103786,101826,99190,96707,86903,94596
ENSMUSG00000000745,704800,652260,724168,726035,728874,710590,721582,740288,691302,719386,704782,729492
ENSMUSG00000000746,3723,5382,4192,5087,4960,5313,4380,5014,4356,5421,4256,5320
ENSMUSG00000000747,198746,186076,174178,189719,201247,200473,193733,183599,187049,189069,196126,184048
ENSMUSG00000000748,4689,4277,5063,3964,4008,5069,3830,3820,3912,3337,4230,4301
ENSMUSG00000000749,8077,8242,7046,8374,8846,7713,7897,7116,9868,8301,7213,7755
ENSMUSG00000000750,427,474,432,255,194,295,454,487,212,348,346,459
ENSMUSG00000000751,2136,2119,2497,2032,2097,2350,2010,2359,1968,3675,1797,2489
ENSMUSG00000000752,388,591,535,411,403,329,425,367,339,210,392,417
ENSMUSG00000000753,1401,1807,1829,1663,1606,1919,1820,1663,1462,1525,1791,1745
ENSMUSG00000000754,5975472,5972353,6172881,5948535,5975141,6016783,6103943,6089254,6168144,6053734,5963550,5885706
ENSMUSG00000000755,1728,1799,2191,2082,1575,2412,1378,1888,1658,1761,1642,2043
ENSMUSG00000000756,3323501061,3321098965,3330646244,3327347406,3312798975,3314351005,3329383669,3321538861,3319215558,3307505349,3341145853,3350072819
ENSMUSG00000000757,629139,621216,624243,624503,627435,659595,643582,635397,676515,671971,665615,621094
ENSMUSG00000000758,185600,203859,177637,216558,190491,192020,181028,183857,167200,194102,199418,190310
ENSMUSG00000000759,3275,2776,3499,3302,2854,3125,2802,2987,2536,3028,2585,2874
ENSMUSG00000000760,1468415,1425672,1437514,1398927,1426391,1500257,1487212,1488754,1426290,1469561,1481892,1505779
ENSMUSG00000000761,8816,8516,6948,9714,8280,10060,7578,7973,8755,10053,8080,9423
ENSMUSG00000000762,139797,149741,147713,138045,146921,147737,156415,148785,141950,131409,139175,144049
ENSMUSG00000000763,2492652003,2497269192,2501796516,2490671626,2483236974,2491125647,2503954163,2478148079,2489031713,2475302351,2479162960,2484666810
ENSMUSG00000000764,62596,61629,58405,62948,61067,59187,65012,64074,61852,56923,64359,65640
ENSMUSG00000000765,8879629,8740731,8648004,8903166,8664481,8798702,8560401,8843973,8885702,8594672,8820540,8987107
ENSMUSG00000000766,5096,4989,5473,4808,5719,5821,5260,4074,5277,5160,6470,6405
ENSMUSG00000000767,75001,80956,78918,75016,83467,75303,78940,77793,81954,78771,77486,77796
ENSMUSG00000000768,106030770,105363062,106188974,105732825,104609410,105986664,105017387,106272362,106236931,105791005,105691217,103927588
ENSMUSG00000000769,9100,7231,6779,7113,5609,7850,7010,8281,7327,7374,6858,6866
ENSMUSG00000000770,124069913,126058252,123982263,124710593,126391631,124325177,126257662,124010370,125995478,126652753,123646900,124841871
ENSMUSG00000000771,1542534,1455483,1429491,1479769,1488324,1462821,1473642,1522500,1438430,1540300,1456507,1596400
ENSMUSG00000000772,8701,9406,9444,10360,9561,7918,9402,7920,9692,9350,9224,8574
ENSMUSG00000000773,1132184,1132143,1146909,1132845,1149907,1165228,1084724,1110528,1106871,1124726,1153443,1119149
ENSMUSG00000000774,4375360,4350437,4296982,4331061,4340566,4443796,4374654,4325142,4597211,4268129,4294756,4343891
ENSMUSG00000000775,1080419,1081431,1042359,1064174,1063691,1042963,1042236,1054662,1055493,1083741,1064922,1104292
ENSMUSG00000000776,147,115,139,120,193,158,172,168,159,177,163,201
ENSMUSG00000000777,4528,5617,4203,4487,5587,4185,3831,4784,4578,4107,4735,5549
ENSMUSG00000000778,28191,34477,30620,31729,33929,36558,34005,32839,33532,31691,33544,29374
ENSMUSG00000000779,69040,58988,61467,66727,61035,71594,69146,61685,63950,59323,65093,65007
ENSMUSG00000000780,1126504,1085673,1021774,1079086,1085908,1039787,1066142,1077895,1062607,1017131,1055607,1048783
ENSMUSG00000000781,193677,177612,165162,181896,176545,170768,170440,176275,176831,180566,183503,174307
ENSMUSG00000000782,374,337,311,378,378,547,228,481,489,568,354,423
ENSMUSG00000000783,411139,394632,415906,425934,415391,393257,401965,411300,411773,388946,422397,391121
ENSMUSG00000000784,1020262,976169,1089020,1034801,1056619,968917,996788,1024156,1009737,990687,1020037,1106979
ENSMUSG00000000785,855831,804764,849308,790900,882690,870491,834066,828632,847912,844065,800158,808360
ENSMUSG00000000786,6596202,6644475,6865482,6882161,6851778,6558033,6500752,6901554,6702465,6639860,6959354,6448361
ENSMUSG00000000787,2449657,2381021,2686969,2568918,2555757,2436220,2504259,2550927,2455860,2560180,2504865,2520332
ENSMUSG00000000788,590242,548391,574605,564530,538331,592424,542527,566268,538514,561304,534941,567403
ENSMUSG00000000789,76078,73123,69920,67699,63676,69896,70110,64918,62053,68204,74082,55933
ENSMUSG00000000790,135,101,152,99,62,127,87,197,152,145,99,166
ENSMUSG00000000791,519371,513010,490614,532969,508598,470645,504440,493869,517334,505877,494185,512993
ENSMUSG00000000792,198099,206393,203586,194211,191444,202506,203507,203842,194213,200428,204982,213855
ENSMUSG00000000793,279306,267676,266817,262810,269318,268723,247101,258415,275668,273904,265051,250912
ENSMUSG00000000794,429,540,625,703,473,698,699,553,444,536,649,538
ENSMUSG00000000795,986,1034,1361,1267,941,1100,1533,1067,1225,1080,1122,1209
ENSMUSG00000000796,5796798,6052980,6154823,5874706,6047286,6088942,5896953,5891027,5924203,6086551,5834941,6091361
ENSMUSG00000000797,76841,70158,73979,77829,77108,71562,83841,79345,73172,71400,75182,69033
ENSMUSG00000000798,1449548,1352847,1385798,1343745,1352152,1399657,1316481,1361682,1351336,1452741,1405358,1392246
ENSMUSG00000000799,101633,111813,103265,103050,96364,98794,91496,97827,94939,93402,102390,95939
ENSMUSG00000000800,94787,101269,109886,89135,98114,99696,92144,92790,99797,90515,100032,92770
ENSMUSG00000000801,3776243,3769898,3785283,3813059,3711619,3778190,3640536,3726432,3830426,3776575,3772493,3697949
ENSMUSG00000000802,10978,11410,11248,11862,12138,11224,10798,11924,10199,9119,11829,11919
ENSMUSG00000000803,122902,126415,136113,122052,143463,127469,133030,114770,128198,125460,121692,129228
ENSMUSG00000000804,14653,15811,14438,12587,16034,14546,12633,16199,14408,13767,13923,15512
ENSMUSG00000000805,16192,16888,16577,13964,14015,15363,16926,14718,14347,16446,15829,14733
ENSMUSG00000000806,25279,27851,27953,23976,30061,22668,26802,26822,23013,28650,28330,26884
ENSMUSG00000000807,226868,214139,204886,233201,203180,224658,214584,208325,215518,207457,206445,218872
ENSMUSG00000000808,14028,12399,13638,11358,14560,13963,12987,13233,14010,12597,13584,13395
ENSMUSG00000000809,13381766,13595650,13352155,13346858,13319906,13464313,13480692,13704004,13621869,13559307,13284685,13333341
ENSMUSG00000000810,2415,2535,2146,2497,2603,2065,1779,2884,2806,3190,2792,2250
ENSMUSG00000000811,40541,40051,44068,41560,44940,47156,40444,44718,45438,41814,41197,45321
ENSMUSG00000000812,16566,13165,15470,16142,14996,17432,13988,15971,12405,15468,13633,16372
ENSMUSG00000000813,28472687,28669737,28851757,28691966,29083714,28574958,28731226,29891588,28915011,28719858,28915520,28971608
ENSMUSG00000000814,206831,197801,209056,177758,199386,183624,200168,209453,209035,203983,194348,196678
ENSMUSG00000000815,5388444,5552685,5419471,5581861,5411857,5382026,5585944,5657456,5586766,5250578,5414336,5525591
ENSMUSG00000000816,162,183,189,184,201,206,246,383,269,173,156,167
ENSMUSG00000000817,256120,246537,278534,244499,251955,260910,254527,259885,267525,235830,265839,262963
ENSMUSG00000000818,3038771,3127917,3160080,3058346,3242627,3138075,3081015,3172430,2982261,3076492,2910666,3143423
ENSMUSG00000000819,118049,134391,113153,129310,113389,131822,128134,126139,130333,105404,114697,112133
ENSMUSG00000000820,6195181,6240816,6397073,6322487,6444187,6189511,6271926,6253873,6358028,6295868,6181053,6133193
ENSMUSG00000000821,10857,12682,11515,12149,10286,11638,11221,11240,11801,9765,11410,11091
ENSMUSG00000000822,24928122,25254053,24824776,24626165,25050530,24379115,25243437,24899236,24992049,25361141,24660719,25129399
ENSMUSG00000000823,874560868,881707100,875594356,876878049,868129505,873511233,875270975,870101746,871170939,870391869,875924101,877468976
ENSMUSG00000000824,19063,20546,18677,21328,21140,22356,22123,22122,18604,19748,23798,17554
ENSMUSG00000000825,15295,13387,15930,13455,14737,16136,16721,14975,17398,14332,14384,12957
ENSMUSG00000000826,30066207,30206095,30050266,29134467,29544018,29822729,29940184,29173339,29983121,29025742,30555403,29409579
ENSMUSG00000000827,49913227,49512065,49668534,49158722,48689215,48525914,49262497,47940505,50323970,48643379,48691759,48560800
ENSMUSG00000000828,9480,11050,12148,10947,10504,11273,9702,11578,11006,12470,10244,10032
ENSMUSG00000000829,15679,18515,14617,15462,17887,16998,17022,14875,18539,17968,14496,18263
ENSMUSG00000000830,30504,32745,29883,27343,26351,29429,27513,27704,30114,27418,29980,29782
ENSMUSG00000000831,406,505,381,301,385,429,441,440,412,390,377,339
ENSMUSG00000000832,2037,2169,2372,2094,1981,2278,2096,3018,3029,2347,1723,2533
ENSMUSG00000000833,1384,1763,1687,1016,2198,1676,1752,1558,1497,1627,1472,1419
ENSMUSG00000000834,4685,4509,4785,3153,4529,4052,3897,4283,4437,3834,4447,4627
ENSMUSG00000000835,74699,78008,75863,84026,72610,75484,75392,67891,75515,76844,77413,75241
ENSMUSG00000000836,226339,213648,238283,230909,211820,236231,216985,220077,218006,224929,233364,225975
ENSMUSG00000000837,43366222,43775969,42671030,44824201,44424306,44213588,44225058,43093165,45177675,45036779,43710899,43943263
ENSMUSG00000000838,1456,1459,1986,1664,1310,1525,1783,1736,1677,1475,2011,1598
ENSMUSG00000000839,4640885,4478708,4598319,4412844,4673206,4596219,4482740,4639192,4680763,4636359,4690964,4629889
ENSMUSG00000000840,39888,42174,37722,33702,37959,38906,41183,37785,40812,37317,36897,40462
ENSMUSG00000000841,71528,65729,73846,78393,76676,70699,79023,72174,73808,70236,70156,69320
ENSMUSG00000000842,1315728,1334047,1318974,1325291,1339257,1319629,1324326,1322387,1349763,1278978,1361512,1313931
ENSMUSG00000000843,945,1230,1112,1104,826,994,1001,827,1330,826,981,1067
ENSMUSG00000000844,428562,405971,397256,411890,410470,408197,413703,408302,416224,390441,409872,410518
ENSMUSG00000000845,181806,158283,174454,176861,163817,164252,173207,170996,168943,187875,180523,174036
ENSMUSG00000000846,657889,647876,638636,688551,633921,673706,636406,625005,624352,648434,644065,631053
ENSMUSG00000000847,286661,292560,260616,287721,273087,293291,285165,295911,287711,266521,271090,288257
ENSMUSG00000000848,1643584903,1639526925,1641892298,1641093505,1631410040,1627337748,1640914384,1633470029,1629112353,1637443774,1631323422,1642992987
ENSMUSG00000000849,7625,5824,6970,7020,7237,7478,7620,6064,7853,7648,7148,8237
ENSMUSG00000000850,12113,11520,9019,13670,11484,8949,11191,10851,10983,10653,10920,11794
ENSMUSG00000000851,7213,6684,8029,7705,7783,6972,6739,7679,7972,7666,7270,8055
ENSMUSG00000000852,9822,10740,8744,10507,8390,9969,9263,8415,11429,9227,10527,9645
ENSMUSG00000000853,7295,6435,6815,6854,6279,6248,6419,6644,6490,6884,5853,6906
ENSMUSG00000000854,10056037,10639390,10473603,10052737,10448501,10307666,10069327,9960907,10239610,10152020,10427492,10562037
ENSMUSG00000000855,25678834,26203260,26115567,26047187,25990790,26735606,26189731,25961793,26236676,26396089,26290284,25709834
ENSMUSG00000000856,8865,8612,8191,9246,7180,9251,7977,9151,8331,8195,8790,11230
ENSMUSG00000000857,3558,2997,3549,3589,2918,3366,3226,2787,2128,2945,3258,2847
ENSMUSG00000000858,548086,578555,576687,571027,598045,593049,570009,586232,546920,614548,582996,598087
ENSMUSG00000000859,8966,9204,8970,8433,9944,9609,9618,9153,9759,11619,9293,9499
ENSMUSG00000000860,1143328,1086334,1148716,1114687,1065560,1048823,1129254,1164841,1165792,1098575,1066783,1106133
ENSMUSG00000000861,195524,225132,222987,212719,198989,209942,193590,171877,193793,212331,195186,189867
ENSMUSG00000000862,299,125,154,226,108,247,201,192,111,208,169,342
ENSMUSG00000000863,44108494,43483527,43308731,42907869,43111826,42936533,43289282,42709047,43516950,43571311,43597736,43848707
ENSMUSG00000000864,116163562,116339896,114817527,116865668,117873998,119094328,118104458,116670642,117489209,116814443,116065605,117642050
ENSMUSG00000000865,7795,7076,9015,7471,6918,8766,8073,7330,8110,8512,7476,7227
ENSMUSG00000000866,19456,19160,17569,19040,19093,20220,18746,17987,18616,17847,20487,19642
ENSMUSG00000000867,307426,265423,278192,274084,264773,285531,261626,280946,273972,271531,261606,293093
ENSMUSG00000000868,338879,332679,314893,321308,349278,339494,340948,324605,337704,344356,358489,337700
ENSMUSG00000000869,1222449,1198469,1311686,1171048,1180254,1198811,1242740,1298240,1276321,1175152,1202127,1270123
ENSMUSG00000000870,275352259,277156106,275115932,273522173,274186105,273681268,278375848,274342896,270768076,282649509,275966395,272884633
ENSMUSG00000000871,44887,47678,48675,39390,45579,42194,42597,38864,39275,39037,49102,47835
ENSMUSG00000000872,4083,3450,3297,4309,2942,3756,4070,3136,2762,3153,3959,3711
ENSMUSG00000000873,354,399,334,438,446,368,345,392,361,376,459,347
ENSMUSG00000000874,4345,4877,5530,4962,3887,5796,4394,6530,4363,4129,4626,4703
ENSMUSG00000000875,70274,85056,75114,75568,87307,68638,68610,83805,75866,78365,76156,75862
ENSMUSG00000000876,115861063,116119553,117588118,116411356,119128586,116790361,117289598,117300263,115277052,117456470,115780168,115079766
ENSMUSG00000000877,10664,10537,9851,11455,10611,10266,9954,11907,12014,11510,10612,12352
ENSMUSG00000000878,217570,213708,191454,206398,224214,219654,218301,217408,206628,211499,206426,203484
ENSMUSG00000000879,80689,80905,73708,83432,78013,83539,76100,87675,90888,85462,85943,82604
ENSMUSG00000000880,10448244,10302837,10445276,10258307,10436767,10418369,9995665,10329546,10764657,10330604,10548936,10317919
ENSMUSG00000000881,2178573579,2180886986,2191644232,2184620499,2197746663,2195455311,2152927922,2179822918,2174027021,2187745335,2188337414,2169680804
ENSMUSG00000000882,9259,11450,8940,12252,10981,10519,10463,12123,11482,11113,10069,9673
ENSMUSG00000000883,13434,13265,13758,11594,13990,12511,11328,11075,14982,12423,11817,11815
ENSMUSG00000000884,5835729,5710719,5670963,5774439,5976462,5675408,5927566,5935605,5837409,5622473,5774479,5604066
ENSMUSG00000000885,1413132,1315528,1313821,1370633,1345473,1300490,1363867,1446799,1389996,1354212,1384885,1409712
ENSMUSG00000000886,144802911,144469038,142411543,144875558,143189920,143316702,145209495,142245709,142370304,142807724,143000392,145760946
ENSMUSG00000000887,936300,928930,961910,946872,949747,902481,978210,936941,912696,910057,892694,897427
ENSMUSG00000000888,21977,23960,23022,24093,19056,26994,20815,21880,21795,22395,16821,23712
ENSMUSG00000000889,926921,903396,936650,975088,912753,996294,945020,1000791,907233,963482,951733,944422
ENSMUSG00000000890,7223814,7700922,7818118,7284081,7774680,7388607,7450930,7432167,7510613,7368039,7573106,7685927
ENSMUSG00000000891,2311901,2320202,2399013,2398175,2218561,2232285,2331732,2304071,2417682,2342336,2361426,2333293
ENSMUSG00000000892,648986,675992,681683,724585,640449,665104,641538,642883,675424,718691,660175,650666
ENSMUSG00000000893,6163814,6223800,6369676,6279949,6323364,6327429,6536505,6197707,6441041,6143100,6192656,6238741
ENSMUSG00000000894,9571082,9711646,9486363,9384399,9610675,9425082,9731861,9250080,9272352,9574769,9479152,9572877
ENSMUSG00000000895,22249615,21577720,22185292,22398182,21796221,22392260,22428971,22487409,21927035,22687537,22419960,22069542
ENSMUSG00000000896,1161555,1171299,1179723,1220287,1196566,1183059,1200451,1163488,1182587,1174081,1217364,1197986
ENSMUSG00000000897,48117,43389,47567,40460,45130,45921,48638,47782,51204,46778,46691,41400
ENSMUSG00000000898,159633,152452,168354,156053,151386,149353,159105,155291,162719,171157,161242,157459
ENSMUSG00000000899,11030749,11329199,10678714,11010887,11261500,11071786,11086161,11229975,11111873,11233196,10906494,10967716
ENSMUSG00000000900,3428,2728,3846,3382,3030,3296,3339,2647,2885,3418,3288,3309
ENSMUSG00000000901,409125,392098,421340,406495,384555,382175,393134,388884,388329,414143,397933,380742
ENSMUSG00000000902,19372,18776,18909,17815,19031,18187,18879,17334,18613,21676,17046,19564
ENSMUSG00000000903,98245,92150,105682,94580,102458,107082,104877,105249,98165,101453,99059,96843
ENSMUSG00000000904,14979249,14394172,14891097,14614716,15264731,15024543,14632075,14796869,14542189,14731980,14670811,14667060
ENSMUSG00000000905,201500,187027,195367,185204,191687,204651,165808,196288,175421,189613,199408,191252
ENSMUSG00000000906,114188,109500,117705,93233,92422,104253,116127,108818,106232,108397,107027,103481
ENSMUSG00000000907,445,339,329,494,525,361,447,430,277,390,449,495
ENSMUSG00000000908,1646484,1829021,1834812,1769642,1712608,1736814,1724817,1824620,1731237,1764254,1840009,1816097
ENSMUSG00000000909,1217306,1170895,1182623,1185723,1075395,1215431,1173653,1181194,1210772,1125491,1186140,1137507
ENSMUSG00000000910,508218500,514309658,506118712,514158654,510838680,509058995,515537819,513688705,507296103,513087137,508928583,518761759
ENSMUSG00000000911,28454,24981,28770,27507,27312,26689,26140,24207,28354,29371,27505,25317
ENSMUSG00000000912,218029,216572,196896,220316,215981,208767,233332,233253,206669,209312,195830,225857
ENSMUSG00000000913,240511,247168,244134,214339,253905,242450,267266,257532,249468,238736,232046,236940
ENSMUSG00000000914,49442388,49228195,48837013,49964699,48538432,48831006,47915206,48237968,49026274,47971091,48408097,48843151
ENSMUSG00000000915,60052,57121,62021,59608,58365,62429,61800,65578,57242,57600,57938,61511
ENSMUSG00000000916,276748,286766,269366,277087,248530,276984,277885,274268,258987,275395,270694,258265
ENSMUSG00000000917,989850,952548,1040705,968418,1007143,974242,1035725,979806,999052,1015546,976223,1048925
ENSMUSG00000000918,187729,183575,182747,176702,195901,194578,187052,183305,192497,204354,194691,194275
ENSMUSG00000000919,15327,14906,16640,15414,14388,13655,14893,14577,12961,14886,14754,14824
ENSMUSG00000000920,202944,197113,200915,196596,197798,197817,175494,197606,205508,189455,191461,181028
ENSMUSG00000000921,6552277,6632654,6588839,6483321,6684559,6676749,6510655,6314707,6476239,6530273,6435970,6483850
ENSMUSG00000000922,1309,1603,1243,1447,1066,1461,1487,1804,1844,1366,1285,1381
ENSMUSG00000000923,138195,151021,143544,154335,146475,159827,150641,156769,152971,154637,135068,151867
ENSMUSG00000000924,4821,5492,5055,5421,5508,3973,5714,5493,5539,4826,5531,5064
ENSMUSG00000000925,10546047,10535878,10845116,10690328,10400577,10515288,10444400,10755788,10460811,10330144,10227003,10814734
ENSMUSG00000000926,226,189,241,195,261,275,144,111,236,258,151,187
ENSMUSG00000000927,9245,8644,11007,10846,8999,8298,8899,8417,9558,11120,9127,9493
ENSMUSG00000000928,409309,420962,410197,387515,422256,358167,396014,394929,419271,400897,384534,392270
ENSMUSG00000000929,45719344,45675816,46308392,46240462,46522673,46433175,46333691,45600070,47575866,46614569,46923888,46666257
ENSMUSG00000000930,75972,63748,62050,70059,71148,62765,72111,57901,69555,76930,73577,66024
ENSMUSG00000000931,10797,8996,9682,10015,8737,9924,9815,10666,9804,8805,8432,9855
ENSMUSG00000000932,166441270,163064094,163684726,163617261,165968579,164033626,164071125,162844733,163292670,167233051,163812965,161937479
ENSMUSG00000000933,273,211,382,425,323,287,218,340,272,409,275,428
ENSMUSG00000000934,6,9,29,17,15,29,11,5,8,5,25,11
ENSMUSG00000000935,528839,529732,537629,516204,509338,525440,533221,487733,499128,555457,498585,535194
ENSMUSG00000000936,11035,13130,12417,11298,10988,12210,12068,11440,12591,10275,11971,10571
ENSMUSG00000000937,1649,1676,1300,1391,1311,1485,1516,1254,1442,1883,1448,1240
ENSMUSG00000000938,1545377,1493341,1478673,1537186,1513323,1534770,1554403,1527458,1599396,1502753,1520669,1512647
ENSMUSG00000000939,248270,229093,236305,225890,238719,235104,244844,238680,230914,231421,239100,241450
ENSMUSG00000000940,8124,8618,8110,9558,9725,7900,7358,9884,8638,8550,9889,9899
ENSMUSG00000000941,626,577,373,510,606,483,352,469,512,554,662,800
ENSMUSG00000000942,2936460,2931561,2876264,2767904,2867312,2930761,3005633,2777457,2895331,2969875,2764275,2922156
ENSMUSG00000000943,1259365,1184334,1161643,1225412,1174429,1225063,1210699,1253782,1229958,1188776,1209787,1208541
ENSMUSG00000000944,65771,51843,52921,67713,61044,61098,57223,60070,62095,65170,54671,58003
ENSMUSG00000000945,142978548,143500496,144735173,142279593,144008617,143468831,143946933,145718705,142571967,142609460,144959796,146468275
ENSMUSG00000000946,1509,902,1381,1240,1188,1207,1272,1085,1497,1427,1324,1407
ENSMUSG00000000947,216,123,144,245,319,239,99,118,211,75,147,334
ENSMUSG00000000948,4754,6343,5166,5473,6158,5855,6986,6272,5432,6270,5849,6198
ENSMUSG00000000949,72770,69285,85114,73917,83523,75766,74374,67157,72106,76706,74787,72485
ENSMUSG00000000950,243462,238500,216265,253744,240246,238583,244148,241628,261636,244822,253109,252111
ENSMUSG00000000951,35412,32023,34442,35228,31766,34039,36035,30619,33878,31558,32393,30501
ENSMUSG00000000952,341387,330172,341528,382031,357829,387752,382256,349992,362281,393196,367370,357086
ENSMUSG00000000953,724,478,500,576,515,592,542,688,764,585,412,662
ENSMUSG00000000954,28366149,28567068,28044128,29307507,28271686,28094114,28431580,28829764,29180442,27885329,28288366,29175800
ENSMUSG00000000955,64377,66684,66497,67239,69752,71995,68746,64903,60916,63610,69690,68006
ENSMUSG00000000956,7507178,7502424,7494909,7594492,7714450,7887030,7641451,7745859,7756092,7982002,7896428,8090839
ENSMUSG00000000957,369400,368793,360848,346546,364039,360150,342213,346910,368627,355975,350624,347842
ENSMUSG00000000958,565434,578435,534647,538327,544071,525494,530374,573034,528272,539821,541509,551245
ENSMUSG00000000959,861274,897474,844609,834934,849378,877022,879078,867331,922436,888110,891616,865736
ENSMUSG00000000960,551927,537385,537502,506492,521260,520417,524720,524859,529883,496812,512259,521889
ENSMUSG00000000961,1157684,1132190,1140281,1171770,1162013,1156164,1130247,1142936,1199212,1163830,1121880,1140015
ENSMUSG00000000962,18157968,18049139,17844264,18256813,18791034,17931998,18021072,18082413,17659772,18207295,17823621,17766249
ENSMUSG00000000963,209884,194364,188028,194629,185664,188606,198749,206006,188166,204499,199166,198719
ENSMUSG00000000964,1567619,1555535,1453758,1639381,1503346,1497483,1549307,1433837,1468198,1488096,1589992,1498502
ENSMUSG00000000965,55982,57497,64262,59363,65647,63897,61601,59098,61706,63998,56236,59069
ENSMUSG00000000966,28189522,28269652,27993401,28613012,28398341,27581655,28270250,28189117,28621720,28439420,28229658,28034352
ENSMUSG00000000967,6254,6418,6136,5797,5864,6261,6229,6311,6605,6858,5818,6043
ENSMUSG00000000968,117488392,119450607,119287018,118801046,118692756,118334501,118356716,120024020,120159586,120849808,118908901,122137526
ENSMUSG00000000969,72150,73072,72210,76635,72956,79850,74484,80458,71727,83533,82183,72325
ENSMUSG00000000970,303,415,336,315,278,428,453,235,375,439,261,313
ENSMUSG00000000971,142461,143071,138635,143962,142208,139409,141480,154201,134143,140774,139987,144573
ENSMUSG00000000972,5957,6031,5109,5254,6068,5979,5780,5946,5493,6496,6789,5661
ENSMUSG00000000973,2493174,2529476,2569815,2596196,2646856,2537286,2556275,2446661,2563968,2447631,2516635,2583458
ENSMUSG00000000974,7410,7154,6545,6757,6860,6943,6168,6682,5390,6714,7020,7421
ENSMUSG00000000975,13340,15329,18260,13738,15724,17043,14321,14387,13802,14678,16410,15677
ENSMUSG00000000976,55,113,37,44,25,16,26,32,34,33,32,42
ENSMUSG00000000977,15661,14268,16415,15940,13897,14858,16888,15495,12837,15102,14502,13905
ENSMUSG00000000978,7,8,3,6,8,3,2,1,3,3,3,10
ENSMUSG00000000979,147,99,108,169,181,144,230,189,141,181,355,124
ENSMUSG00000000980,1838432,1904225,1865604,1917280,1858268,1913483,1988699,1868048,1803169,1861662,1863819,1829996
ENSMUSG00000000981,2046321,2035176,2102030,2013089,2110677,1998390,2176587,2040217,1987306,2087094,2074626,2042419
ENSMUSG00000000982,471200,505142,473343,460064,489352,497965,519141,475393,482384,478384,484855,492185
ENSMUSG00000000983,2015,1943,1792,1724,1860,2033,2005,1769,2054,1866,1632,1971
ENSMUSG00000000984,73204,78462,71498,75351,71638,75544,69638,76903,69169,71101,73484,73321
ENSMUSG00000000985,95416,88231,86237,89273,87490,88110,89952,90169,93044,94688,80504,89369
ENSMUSG00000000986,618,774,734,801,564,995,714,880,995,905,931,907
ENSMUSG00000000987,36543209,37502452,36355285,35738621,35974541,36280845,35357352,35982422,36799682,36490610,36750450,36417293
ENSMUSG00000000988,2830552,2935993,2941782,3102464,3043013,3059644,2937505,3068189,2906866,3082208,2919403,2939481
ENSMUSG00000000989,37240,39005,36221,36323,43302,36967,34285,41437,31949,34803,39513,37627
ENSMUSG00000000990,91000,97448,97384,96741,107330,96379,103544,95900,107029,104332,99161,106808
ENSMUSG00000000991,217441,202249,216437,196128,215821,215357,217852,199391,211857,215680,215167,201815
ENSMUSG00000000992,13,45,40,21,18,18,10,50,34,42,25,22
ENSMUSG00000000993,33415,32501,34966,32132,27130,28708,30999,32866,32078,31920,32931,34672
ENSMUSG00000000994,6874,5748,4972,5105,6458,6515,5567,4775,6191,6325,5598,5060
ENSMUSG00000000995,2334,1573,1475,1811,1266,1298,1653,1470,1486,2346,1704,1620
ENSMUSG00000000996,31285,28895,30227,27807,26648,26237,26677,30350,28639,28069,33123,26290
ENSMUSG00000000997,115970559,116762941,118631874,116678361,118988404,118783086,119345310,115959567,116980290,119798887,117976495,116210284
ENSMUSG00000000998,1197578,1141662,1220841,1190176,1195600,1162884,1131989,1130777,1138462,1179459,1125086,1115046
ENSMUSG00000000999,8072,8837,7692,10586,8038,8668,8496,9019,8494,9572,9744,8102
ENSMUSG00000001000,931569,866230,916166,879908,902593,839480,852883,890069,860743,881325,834037,881719
